supplier_id,entity_id,supplier_name,category,country,payment_terms_days,risk_tier,preferred,onboarded_date,status,_ingested_at
SUP000001,ENT007400,Zanen Trading B.V.,Content Vendors,Singapore,30,Low,False,2025-08-08 00:00:00,Active,2026-10-01 02:00:00
SUP000002,ENT000518,Belmere Finance Pte. Ltd.,Travel,Malaysia,30,Low,False,30/05/2025,Active,2026-10-01 02:00:00
SUP000003,ENT009305,Calix Analytics LLC,Professional Services,Philippines,30,Low,False,2025-06-03 00:00:00,Active,2026-10-01 02:00:00
SUP000004,ENT000314,Marlyn Agritech Corp.,Travel,Malaysia,30,Low,False,2025-04-12 00:00:00,Active,2026-10-01 02:00:00
SUP000005,ENT006590,Pelcrest Retail Co.,IT Services,Philippines,30,Low,False,2025-03-20 00:00:00,Active,2026-10-01 02:00:00
SUP000006,ENT000783,Kelix Systems Ltd.,Travel,Philippines,30,Low,False,2025-03-17 00:00:00,Active,2026-10-01 02:00:00
SUP000007,ENT005934,Calford Technologies Pte. Ltd.,IT Services,United States,30,Low,False,2015-02-06 00:00:00,Active,2026-10-01 02:00:00
SUP000008,ENT009042,Dormora Energy K.K.,Professional Services,United Kingdom,30,Medium,False,"Apr 28, 2025",Active,2026-10-01 02:00:00
SUP000009,ENT007773,Mormora Health Corp.,Content Vendors,Indonesia,30,Low,False,2014-11-28 00:00:00,Active,2026-10-01 02:00:00
SUP000010,ENT003036,Quinion Foods Co.,Travel,Australia,30,Medium,False,2016-10-03 00:00:00,Active,2026-10-01 02:00:00
SUP000011,ENT006929,Normere Media Pte. Ltd.,Data Providers,United States,60,Low,False,2022-06-23 00:00:00,Active,2026-10-01 02:00:00
SUP000012,ENT002338,Rosova Energy Corp.,Events Services,Philippines,60,Low,False,2021-02-04 00:00:00,Active,2026-10-01 02:00:00
SUP000013,ENT003984,Briport Capital Corp.,IT Services,Netherlands,30,Medium,True,2014-10-10 00:00:00,Active,2026-10-01 02:00:00
SUP000014,ENT000047,Brivanta Finance Ltd.,Software,Philippines,30,Low,False,2025-04-07 00:00:00,Active,2026-10-01 02:00:00
SUP000015,ENT001976,Wesdell Consulting GmbH,Travel,Port Varos Free Zone (fictional),15,Medium,True,2014-07-10 00:00:00,Inactive,2026-10-01 02:00:00
SUP000016,ENT000378,Fenora Foods K.K.,Facilities,Singapore,15,Low,False,17/04/2015,Active,2026-10-01 02:00:00
SUP000017,ENT007587,Wesvnata Systems K.K.,Data Providers,Philippines,15,Low,False,2023-10-30 00:00:00,Active,2026-10-01 02:00:00
SUP000018,ENT003829,Calith Technologies Corp.,Software,United Kingdom,30,Medium,False,2019-05-15 00:00:00,Active,2026-10-01 02:00:00
SUP000019,ENT006946,Halen Health GmbH,Data Providers,Japan,30,Low,True,2014-03-31 00:00:00,Active,2026-10-01 02:00:00
SUP000020,ENT007313,Calhaven Labs Corp.,Events Services,Germany,30,Low,False,2019-04-18 00:00:00,Active,2026-10-01 02:00:00
SUP000021,ENT001755,Orcrest Mining Ltd.,IT Services,Canada,60,Low,False,2023-10-20 00:00:00,Active,2026-10-01 02:00:00
SUP000022,ENT008226,Kelhaven Foods B.V.,,UAE,30,Low,False,2023-04-13 00:00:00,Active,2026-10-01 02:00:00
SUP000023,ENT002062,Corstone Consulting K.K.,Events Services,United States,30,Low,False,2018-05-23 00:00:00,Active,2026-10-01 02:00:00
SUP000024,ENT006898,Wesgate Finance Co.,IT Services,UAE,60,Low,False,2024-05-11 00:00:00,Active,2026-10-01 02:00:00
SUP000025,ENT007211,Dorara Robotics PLC,Events Services,India,15,Medium,False,2025-04-11 00:00:00,Active,2026-10-01 02:00:00
SUP000026,ENT006842,Istdale Consulting LLC,Events Services,United States,30,Low,False,2019-07-15 00:00:00,Active,2026-10-01 02:00:00
SUP000027,ENT001326,Elcrest Agritech Pte. Ltd.,Software,India,60,Low,True,2025-02-20 00:00:00,Active,2026-10-01 02:00:00
SUP000028,ENT003915,Istane Retail GmbH,Events Services,Netherlands,60,Low,False,2026-06-17 00:00:00,Active,2026-10-01 02:00:00
SUP000029,ENT002278,Wesdale Consulting K.K.,Data Providers,China,30,Medium,True,2020-09-25 00:00:00,Inactive,2026-10-01 02:00:00
SUP000030,ENT001263,Lumport Biotech PLC,Content Vendors,Port Varos Free Zone (fictional),30,Low,False,2018-01-02 00:00:00,Inactive,2026-10-01 02:00:00
SUP000031,ENT009783,Quindale Pharma S.A.,Travel,United States,30,Low,False,2019-09-29 00:00:00,Active,2026-10-01 02:00:00
SUP000032,ENT004874,Brivanta Packaging PLC,Travel,Philippines,60,Medium,False,2025-03-27 00:00:00,Active,2026-10-01 02:00:00
SUP000033,ENT002108,Pelix Retail Corp.,Professional Services,United Kingdom,30,Low,True,2019-08-20 00:00:00,Active,2026-10-01 02:00:00
SUP000034,ENT009376,Briora Holdings GmbH,Software,Canada,60,Low,True,2016-08-22 00:00:00,Active,2026-10-01 02:00:00
SUP000035,ENT007588,Marvale Media GmbH,Content Vendors,Philippines,45,Low,False,2015-06-24 00:00:00,Active,2026-10-01 02:00:00
SUP000036,ENT000967,Kelford Holdings K.K.,Professional Services,Philippines,60,Low,True,2025-05-16 00:00:00,Active,2026-10-01 02:00:00
SUP000037,ENT000294,Bricrest Agritech Inc.,Professional Services,United States,30,Medium,False,2023-01-12 00:00:00,Active,2026-10-01 02:00:00
SUP000038,ENT000668,Calix Textiles GmbH,Travel,Netherlands,30,Low,False,2023-05-16 00:00:00,Active,2026-10-01 02:00:00
SUP000039,ENT005419,Elhaven Foods Inc.,Events Services,China,30,Low,False,2018-01-29 00:00:00,Active,2026-10-01 02:00:00
SUP000040,ENT001157,Torridge Consulting Co.,Facilities,Philippines,45,Low,True,2019-02-18 00:00:00,Active,2026-10-01 02:00:00
SUP000041,ENT007788,Verith Robotics Pte. Ltd.,Professional Services,Germany,60,Low,False,2015-01-05 00:00:00,Active,2026-10-01 02:00:00
SUP000042,ENT008535,Rosridge Mining Pte. Ltd.,Data Providers,United States,30,Medium,False,2017-10-06 00:00:00,Active,2026-10-01 02:00:00
SUP000043,ENT009944,Lumlyn Foods LLC,Travel,China,30,Low,False,2021-12-20 00:00:00,Active,2026-10-01 02:00:00
SUP000044,ENT005791,Halova Holdings K.K.,Content Vendors,China,60,Medium,False,2022-03-29 00:00:00,Active,2026-10-01 02:00:00
SUP000045,ENT002418,Belix Holdings Ltd.,Software,United Kingdom,45,Low,False,2026-07-23 00:00:00,Active,2026-10-01 02:00:00
SUP000046,ENT009059,Kelport Biotech Ltd.,Software,United States,30,Low,True,2015-05-10 00:00:00,Inactive,2026-10-01 02:00:00
SUP000047,ENT007356,Galport Analytics Co.,Software,Singapore,45,Low,False,2021-07-07 00:00:00,Active,2026-10-01 02:00:00
SUP000048,ENT003444,Morix Insurance Inc.,Travel,Australia,30,Medium,False,2018-12-20 00:00:00,Active,2026-10-01 02:00:00
SUP000049,ENT002598,Corwick Analytics Inc.,Content Vendors,France,60,Low,False,2020-10-19 00:00:00,Active,2026-10-01 02:00:00
SUP000050,ENT002901,Vervale Capital PLC,Events Services,United States,60,Low,True,2025-11-18 00:00:00,Active,2026-10-01 02:00:00
SUP000051,ENT005104,Belion Pharma Pte. Ltd.,Content Vendors,Germany,30,Medium,False,2025-06-13 00:00:00,Active,2026-10-01 02:00:00
SUP000052,ENT008933,Fengate Holdings LLC,IT Services,Philippines,45,Low,False,2020-10-12 00:00:00,Active,2026-10-01 02:00:00
SUP000053,ENT001283,Istcrest Biotech GmbH,Software,United States,30,Low,True,2019-10-21 00:00:00,Active,2026-10-01 02:00:00
SUP000054,ENT007880,Aldell Energy Co.,Professional Services,Malaysia,60,Medium,False,2026-02-21 00:00:00,Active,2026-10-01 02:00:00
SUP000055,ENT004669,Rosova Packaging Global 2 B.V.,,Philippines,30,Low,True,2015-03-05 00:00:00,Active,2026-10-01 02:00:00
SUP000056,ENT007275,Arhaven Health K.K.,Content Vendors,Japan,60,Low,False,2026-01-30 00:00:00,Active,2026-10-01 02:00:00
SUP000057,ENT002134,Areon Biotech Inc.,Content Vendors,UAE,30,Medium,False,2018-06-04 00:00:00,Active,2026-10-01 02:00:00
SUP000058,ENT004765,Zanlyn Biotech Global 2 LLC,Content Vendors,Brazil,30,Low,False,2023-09-15 00:00:00,Active,2026-10-01 02:00:00
SUP000059,ENT001389,Rosvale Insurance Ltd.,Data Providers,United States,30,Low,False,2017-05-19 00:00:00,Active,2026-10-01 02:00:00
SUP000060,ENT009263,Corstone Insurance Ltd.,Data Providers,Malaysia,30,Low,False,2022-01-03 00:00:00,Active,2026-10-01 02:00:00
SUP000061,ENT007620,Fendale Pharma Global 2 GmbH,IT Services,UAE,30,Medium,False,2016-04-11 00:00:00,Active,2026-10-01 02:00:00
SUP000062,ENT008034,Arix Media S.A.,Content Vendors,Philippines,45,Low,False,2021-01-18 00:00:00,Active,2026-10-01 02:00:00
SUP000063,ENT009460,Halaris Foods Co.,Facilities,United Kingdom,30,Low,False,18/11/2019,Active,2026-10-01 02:00:00
SUP000064,ENT000283,Corvale Retail Ltd.,IT Services,India,30,Low,False,2025-10-06 00:00:00,Active,2026-10-01 02:00:00
SUP000065,ENT003498,Morvanta Holdings S.A.,IT Services,United Kingdom,30,Medium,False,2017-09-11 00:00:00,Active,2026-10-01 02:00:00
SUP000066,ENT004139,Halstone Pharma Pte. Ltd.,Software,United States,30,Low,False,2024-04-12 00:00:00,Active,2026-10-01 02:00:00
SUP000067,ENT000809,Tordale Logistics PLC,Events Services,United States,30,Low,False,2017-12-15 00:00:00,Inactive,2026-10-01 02:00:00
SUP000068,ENT008404,Ulhaven Agritech Co.,Content Vendors,Japan,30,Low,False,2020-12-02 00:00:00,Active,2026-10-01 02:00:00
SUP000069,ENT005475,Moren Labs Corp.,Facilities,Philippines,30,Medium,False,19/11/2025,Active,2026-10-01 02:00:00
SUP000070,ENT004763,Ulwick Energy K.K.,IT Services,United States,60,Low,True,2021-02-09 00:00:00,Active,2026-10-01 02:00:00
SUP000071,ENT001761,Talmora Mining K.K.,Professional Services,Singapore,45,Low,False,2022-06-20 00:00:00,Active,2026-10-01 02:00:00
SUP000072,ENT002455,Dordell Foods Co.,Events Services,United States,15,Medium,False,2014-04-07 00:00:00,Active,2026-10-01 02:00:00
SUP000073,ENT002280,Lumwick Labs PLC,IT Services,Japan,60,Medium,False,2016-12-22 00:00:00,Active,2026-10-01 02:00:00
SUP000074,ENT006616,Talmere Health PLC,Facilities,Vietnam,60,Medium,False,2024-11-15 00:00:00,Active,2026-10-01 02:00:00
SUP000075,ENT006488,Kelith Finance K.K.,Software,United States,30,Low,True,2023-01-05 00:00:00,Active,2026-10-01 02:00:00
SUP000076,ENT006010,Wesmere Holdings Co.,IT Services,France,30,Low,False,2021-03-18 00:00:00,Active,2026-10-01 02:00:00
SUP000077,ENT005367,Quinhaven Health Co.,Software,Japan,30,Low,False,2024-02-21 00:00:00,Active,2026-10-01 02:00:00
SUP000078,ENT008241,Veneon Pharma S.A.,Events Services,Germany,45,Low,False,2019-08-12 00:00:00,Active,2026-10-01 02:00:00
SUP000079,ENT009469,Arane Partners K.K.,Professional Services,Australia,30,High,False,2014-01-20 00:00:00,Active,2026-10-01 02:00:00
SUP000080,ENT008714,Briport Textiles B.V.,Facilities,Brazil,15,Low,False,"Sep 30, 2016",Active,2026-10-01 02:00:00
SUP000081,ENT003452,Norlyn Industries Inc.,Travel,United States,45,Low,False,2017-07-10 00:00:00,Active,2026-10-01 02:00:00
SUP000082,ENT007447,Galaris Retail Ltd.,Facilities,Indonesia,60,Low,False,"Sep 10, 2018",Active,2026-10-01 02:00:00
SUP000083,ENT005549,Venith Holdings B.V.,Software,Brazil,60,Low,True,2016-08-03 00:00:00,Active,2026-10-01 02:00:00
SUP000084,ENT001513,Venstone Industries Ltd.,IT Services,Indonesia,45,Low,False,2016-05-14 00:00:00,Active,2026-10-01 02:00:00
SUP000085,ENT008427,Kelvale Textiles PLC,Events Services,Germany,30,Low,True,2022-09-15 00:00:00,Active,2026-10-01 02:00:00
SUP000086,ENT007941,Belova Partners B.V.,Data Providers,Vietnam,30,Low,False,16/01/2014,Active,2026-10-01 02:00:00
SUP000087,ENT006099,Selara Biotech Corp.,Content Vendors,Philippines,30,Medium,False,2022-06-28 00:00:00,Active,2026-10-01 02:00:00
SUP000088,ENT006085,Arion Technologies GmbH,Professional Services,Netherlands,30,Low,False,2019-01-30 00:00:00,Active,2026-10-01 02:00:00
SUP000089,ENT000523,Lumridge Retail S.A.,Content Vendors,Germany,15,Low,False,2015-02-20 00:00:00,Active,2026-10-01 02:00:00
SUP000090,ENT007133,Isteon Capital LLC,Software,India,30,Low,False,2017-06-15 00:00:00,Active,2026-10-01 02:00:00
SUP000091,ENT008896,Lumara Technologies Inc.,Professional Services,UAE,30,Medium,False,2024-04-05 00:00:00,Active,2026-10-01 02:00:00
SUP000092,ENT001646,Selvale Robotics Corp.,Events Services,China,30,Medium,True,2025-04-28 00:00:00,Active,2026-10-01 02:00:00
SUP000093,ENT009554,Morora Logistics Co.,Data Providers,United Kingdom,60,Medium,False,2024-01-05 00:00:00,Inactive,2026-10-01 02:00:00
SUP000094,ENT009318,Norora Health Ltd.,IT Services,Germany,30,Low,False,2022-12-01 00:00:00,Inactive,2026-10-01 02:00:00
SUP000095,ENT000623,Vervanta Foods S.A.,Professional Services,UAE,30,Low,False,2021-02-16 00:00:00,Active,2026-10-01 02:00:00
SUP000096,ENT003324,Dorith Systems K.K.,Professional Services,Canada,45,Medium,True,2024-07-04 00:00:00,Blocked,2026-10-01 02:00:00
SUP000097,ENT006691,Albrook Logistics Ltd.,Professional Services,France,45,Low,False,2024-03-18 00:00:00,Active,2026-10-01 02:00:00
SUP000098,ENT000958,Quinstone Trading Corp.,Professional Services,United States,30,Low,False,2016-08-03 00:00:00,Active,2026-10-01 02:00:00
SUP000099,ENT001667,Valvanta Packaging Pte. Ltd.,Travel,Vietnam,30,Low,False,2018-01-30 00:00:00,Active,2026-10-01 02:00:00
SUP000100,ENT008879,Dorbrook Motors Ltd.,Facilities,United States,60,Low,False,2016-05-09 00:00:00,Active,2026-10-01 02:00:00
SUP000101,ENT000208,Bridell Logistics B.V.,Travel,Vietnam,60,Low,False,2015-03-30 00:00:00,Active,2026-10-01 02:00:00
SUP000102,ENT009490,Mardale Pharma Corp.,Content Vendors,UAE,30,Low,False,2018-12-10 00:00:00,Active,2026-10-01 02:00:00
SUP000103,ENT004632,Lumen Logistics Ltd.,Professional Services,France,30,Low,False,2018-06-27 00:00:00,Active,2026-10-01 02:00:00
SUP000104,ENT007682,Halova Health B.V.,Events Services,India,15,Low,False,12/12/2016,Active,2026-10-01 02:00:00
SUP000105,ENT003470,Wesith Technologies GmbH,Data Providers,Germany,30,Low,False,2021-01-21 00:00:00,Active,2026-10-01 02:00:00
SUP000106,ENT003613,  bridell motors plc ,Software,China,15,Medium,False,2025-03-03 00:00:00,Active,2026-10-01 02:00:00
SUP000107,ENT006791,Calvanta Holdings Pte. Ltd.,Events Services,India,15,Low,False,2018-09-07 00:00:00,Active,2026-10-01 02:00:00
SUP000108,ENT004297,Wesith Systems Co.,Data Providers,Ostrava Keys (fictional),15,Low,False,2015-08-06 00:00:00,Active,2026-10-01 02:00:00
SUP000109,ENT003348,Talbrook Trading Ltd.,Software,Germany,30,Low,False,2017-09-04 00:00:00,Inactive,2026-10-01 02:00:00
SUP000110,ENT004277,Morcrest Health Co.,Facilities,Japan,30,Low,False,2018-01-08 00:00:00,Active,2026-10-01 02:00:00
SUP000111,ENT001036,Pelmere Consulting Co.,Data Providers,Japan,30,Low,True,2021-12-09 00:00:00,Active,2026-10-01 02:00:00
SUP000112,ENT006520,Almora Biotech PLC,Events Services,Germany,30,Low,False,2019-08-23 00:00:00,Active,2026-10-01 02:00:00
SUP000113,ENT003567,Dorion Agritech B.V.,IT Services,Netherlands,30,Low,False,2014-03-27 00:00:00,Active,2026-10-01 02:00:00
SUP000114,ENT007760,Quinhaven Health Global 2 Co.,Facilities,United Kingdom,60,Low,False,2024-01-27 00:00:00,Active,2026-10-01 02:00:00
SUP000115,ENT005753,Arion Industries S.A.,Professional Services,United Kingdom,30,High,True,2021-11-16 00:00:00,Active,2026-10-01 02:00:00
SUP000116,ENT006557,Verane Partners Co.,IT Services,Vietnam,30,Low,False,2021-10-29 00:00:00,Active,2026-10-01 02:00:00
SUP000117,ENT002589,Fenora Labs Corp.,IT Services,Philippines,30,Low,False,2022-04-22 00:00:00,Active,2026-10-01 02:00:00
SUP000118,ENT000929,Belith Partners GmbH,IT Services,Japan,45,Low,False,2019-09-26 00:00:00,Active,2026-10-01 02:00:00
SUP000119,ENT004378,Arridge Capital Co.,Professional Services,United States,30,Low,False,2024-12-13 00:00:00,Inactive,2026-10-01 02:00:00
SUP000120,ENT000045,Zanwick Partners PLC,Travel,United Kingdom,30,Low,False,2018-10-22 00:00:00,Inactive,2026-10-01 02:00:00
SUP000121,ENT003817,Arbrook Analytics K.K.,Data Providers,Philippines,45,Medium,False,2020-10-05 00:00:00,Active,2026-10-01 02:00:00
SUP000122,ENT009698,Kelvale Pharma Corp.,IT Services,France,30,Medium,False,2023-02-23 00:00:00,Active,2026-10-01 02:00:00
SUP000123,ENT002651,Galmere Energy LLC,Facilities,United Kingdom,45,Low,False,2023-10-25 00:00:00,Active,2026-10-01 02:00:00
SUP000124,ENT003124,Halwick Capital Corp.,IT Services,Germany,30,Low,False,2018-11-02 00:00:00,Active,2026-10-01 02:00:00
SUP000125,ENT003467,Galara Packaging LLC,Data Providers,United Kingdom,15,Low,False,2017-07-21 00:00:00,Active,2026-10-01 02:00:00
SUP000126,ENT003376,Halvanta Biotech Ltd.,Facilities,Philippines,45,Medium,False,2015-03-10 00:00:00,Active,2026-10-01 02:00:00
SUP000127,ENT003598,Elova Consulting B.V.,IT Services,United Kingdom,45,Medium,False,2015-06-11 00:00:00,Active,2026-10-01 02:00:00
SUP000128,ENT006180,,Data Providers,India,45,Low,False,2026-08-31 00:00:00,Active,2026-10-01 02:00:00
SUP000129,ENT002964,Zanvale Textiles LLC,Events Services,Germany,60,High,False,2014-12-12 00:00:00,Active,2026-10-01 02:00:00
SUP000130,ENT001611,Marport Consulting PLC,Software,Indonesia,30,Low,True,2014-07-30 00:00:00,Active,2026-10-01 02:00:00
SUP000131,ENT003318,Kelridge Health Pte. Ltd.,Professional Services,Singapore,60,Low,False,2026-04-23 00:00:00,Inactive,2026-10-01 02:00:00
SUP000132,ENT006528,Norford Biotech S.A.,Events Services,UAE,30,Low,False,2017-02-13 00:00:00,Active,2026-10-01 02:00:00
SUP000133,ENT006148,Zanora Industries Inc.,IT Services,Philippines,30,Medium,False,2018-02-07 00:00:00,Active,2026-10-01 02:00:00
SUP000134,ENT005662,Dormere Capital PLC,Travel,China,60,Low,False,2014-03-10 00:00:00,Active,2026-10-01 02:00:00
SUP000135,ENT000315,Istgate Holdings S.A.,IT Services,Brazil,60,Low,False,2016-03-15 00:00:00,Active,2026-10-01 02:00:00
SUP000136,ENT004037,Morhaven Foods PLC,Software,China,30,Low,False,2018-11-30 00:00:00,Active,2026-10-01 02:00:00
SUP000137,ENT002305,Talara Partners Corp.,Software,Philippines,45,Low,True,2014-01-10 00:00:00,Active,2026-10-01 02:00:00
SUP000138,ENT007506,Fenith Agritech Inc.,Software,United Kingdom,60,Low,False,2018-04-25 00:00:00,Active,2026-10-01 02:00:00
SUP000139,ENT005006,VENWICK TEXTILES PLC,Data Providers,United States,60,Low,False,2014-03-21 00:00:00,Active,2026-10-01 02:00:00
SUP000140,ENT004850,Zanport Robotics S.A.,Data Providers,United States,30,Low,False,04/04/2017,Active,2026-10-01 02:00:00
SUP000141,ENT002497,Rosaris Pharma LLC,Software,United States,30,Medium,False,2025-02-03 00:00:00,Active,2026-10-01 02:00:00
SUP000142,ENT000027,Zanvanta Capital Pte. Ltd.,IT Services,India,60,Low,False,2018-04-30 00:00:00,Active,2026-10-01 02:00:00
SUP000143,ENT003869,Selridge Mining B.V.,Software,Germany,30,Low,True,2024-11-26 00:00:00,Active,2026-10-01 02:00:00
SUP000144,ENT009245,Arith Capital Co.,Facilities,Brazil,30,Low,True,2021-03-17 00:00:00,Active,2026-10-01 02:00:00
SUP000145,ENT006632,Vermere Consulting S.A.,,United Kingdom,30,Low,False,2025-11-07 00:00:00,Active,2026-10-01 02:00:00
SUP000146,ENT000682,Caldell Technologies S.A.,Facilities,Ostrava Keys (fictional),15,Medium,False,2023-08-21 00:00:00,Active,2026-10-01 02:00:00
SUP000147,ENT003427,Quinith Labs S.A.,Facilities,China,60,Low,True,2014-04-02 00:00:00,Active,2026-10-01 02:00:00
SUP000148,ENT006117,Brimora Health Ltd.,Content Vendors,Brazil,30,Medium,True,2021-05-24 00:00:00,Inactive,2026-10-01 02:00:00
SUP000149,ENT008001,Arix Agritech LLC,Content Vendors,United States,15,Low,True,2016-01-05 00:00:00,Active,2026-10-01 02:00:00
SUP000150,ENT004026,Wesgate Technologies Co.,Professional Services,India,45,Low,False,2022-03-15 00:00:00,Active,2026-10-01 02:00:00
SUP000151,ENT006739,Norwick Robotics K.K.,Facilities,Japan,30,Low,False,2023-01-02 00:00:00,Active,2026-10-01 02:00:00
SUP000152,ENT008866,Dorvanta Industries GmbH,Events Services,Malaysia,30,High,False,2024-10-07 00:00:00,Active,2026-10-01 02:00:00
SUP000153,ENT001277,Galridge Health PLC,Facilities,Japan,30,Low,True,2015-12-27 00:00:00,Active,2026-10-01 02:00:00
SUP000154,ENT000150,Quinmora Media K.K.,IT Services,United States,15,Low,False,2020-11-08 00:00:00,Active,2026-10-01 02:00:00
SUP000155,ENT004688,Mormora Trading GmbH,Software,United Kingdom,60,Low,False,2022-12-02 00:00:00,Active,2026-10-01 02:00:00
SUP000156,ENT001567,Zanridge Holdings Ltd.,,Canada,45,Low,False,2025-06-09 00:00:00,Inactive,2026-10-01 02:00:00
SUP000157,ENT004913,Dordell Cpaital K.K.,Professional Services,Philippines,15,High,False,2021-02-06 00:00:00,Active,2026-10-01 02:00:00
SUP000158,ENT005815,Galhaven Foods B.V.,Content Vendors,India,60,Medium,False,2018-12-21 00:00:00,Active,2026-10-01 02:00:00
SUP000159,ENT001342,Rosmere Insurance LLC,Content Vendors,Philippines,30,Low,False,2025-03-03 00:00:00,Active,2026-10-01 02:00:00
SUP000160,ENT003131,Calstone Partners Corp.,Data Providers,United States,30,Low,True,09/06/2026,Blocked,2026-10-01 02:00:00
SUP000161,ENT000730,Dorgate Technologies Co.,Travel,Canada,30,Low,False,2018-02-23 00:00:00,Active,2026-10-01 02:00:00
SUP000162,ENT002918,Calen Logistics Corp.,IT Services,Philippines,60,Low,False,2023-10-30 00:00:00,Inactive,2026-10-01 02:00:00
SUP000163,ENT008441,Quinvanta Textiles Ltd.,Software,Canada,30,Medium,False,2019-04-04 00:00:00,Inactive,2026-10-01 02:00:00
SUP000164,ENT000210,Selova Capital Ltd.,Facilities,Brazil,30,Low,True,2024-03-04 00:00:00,Active,2026-10-01 02:00:00
SUP000165,ENT000387,Torith Health Co.,Data Providers,United States,60,Low,False,2026-03-20 00:00:00,Active,2026-10-01 02:00:00
SUP000166,ENT005180,Hallyn Textiles GmbH,IT Services,United Kingdom,30,Low,False,2019-12-06 00:00:00,Active,2026-10-01 02:00:00
SUP000167,ENT005160,  zanara pharma plc ,Professional Services,Japan,30,Medium,False,2022-09-19 00:00:00,Active,2026-10-01 02:00:00
SUP000168,ENT004288,Arion Trading LLC,Software,Japan,30,Low,False,06/02/2026,Active,2026-10-01 02:00:00
SUP000169,ENT002334,Lumhaven Energy K.K.,Software,Japan,30,Low,False,2025-12-05 00:00:00,Active,2026-10-01 02:00:00
SUP000170,ENT004000,Zandell Energy Co.,Travel,Philippines,30,Low,False,2020-10-23 00:00:00,Active,2026-10-01 02:00:00
SUP000171,ENT009772,Ulcrest Retail GmbH,Facilities,United States,60,High,False,2020-11-30 00:00:00,Inactive,2026-10-01 02:00:00
SUP000172,ENT007048,Valvanta Agritech S.A.,IT Services,Australia,45,Medium,False,2025-05-06 00:00:00,Active,2026-10-01 02:00:00
SUP000173,ENT002375,Wesen Trading Inc.,IT Services,Australia,30,Low,False,2019-09-23 00:00:00,Active,2026-10-01 02:00:00
SUP000174,ENT009587,Algate Capital LLC,Events Services,Germany,30,Low,False,2019-03-27 00:00:00,Active,2026-10-01 02:00:00
SUP000175,ENT005870,Taldale Retail Pte. Ltd.,Events Services,Canada,30,Low,False,2024-06-18 00:00:00,Active,2026-10-01 02:00:00
SUP000176,ENT002865,Galgate Media Corp.,Professional Services,China,30,Low,False,2026-01-23 00:00:00,Active,2026-10-01 02:00:00
SUP000177,ENT009301,Mordale Mining Inc.,Events Services,Canada,15,Low,False,26/09/2023,Active,2026-10-01 02:00:00
SUP000178,ENT006880,Venford Health PLC,Facilities,Philippines,30,High,False,2016-04-27 00:00:00,Active,2026-10-01 02:00:00
SUP000179,ENT004539,Kelford Agritech LLC,Travel,Philippines,30,Low,False,2019-12-28 00:00:00,Active,2026-10-01 02:00:00
SUP000180,ENT005653,Venara Logistics B.V.,Software,Malaysia,30,Low,False,2014-07-03 00:00:00,Active,2026-10-01 02:00:00
SUP000181,ENT002229,Fenmora Health Ltd.,IT Services,Malaysia,15,Low,False,2014-10-06 00:00:00,Active,2026-10-01 02:00:00
SUP000182,ENT002402,Norova Biotech Ltd.,Software,Philippines,45,Low,False,2022-03-11 00:00:00,Active,2026-10-01 02:00:00
SUP000183,ENT000268,Fenstone Agritech S.A.,Events Services,India,30,Low,False,2018-10-24 00:00:00,Active,2026-10-01 02:00:00
SUP000184,ENT009463,Valane Systems LLC,Content Vendors,Singapore,45,Low,False,2022-05-23 00:00:00,Inactive,2026-10-01 02:00:00
SUP000185,ENT007096,Torstone Logistics Pte. Ltd.,Content Vendors,Philippines,60,Low,True,2024-12-31 00:00:00,Active,2026-10-01 02:00:00
SUP000186,ENT003983,Ulcrest Finance Pte. Ltd.,Software,Japan,30,Low,False,2026-04-13 00:00:00,Active,2026-10-01 02:00:00
SUP000187,ENT009179,Corgate Analytics GmbH,IT Services,Indonesia,60,Medium,False,2018-08-01 00:00:00,Active,2026-10-01 02:00:00
SUP000188,ENT008015,Dorridge Mining Global 2 GmbH,IT Services,United States,45,High,False,2020-10-14 00:00:00,Inactive,2026-10-01 02:00:00
SUP000189,ENT000670,Wesara Pharma S.A.,IT Services,Singapore,30,Low,False,2021-02-27 00:00:00,Active,2026-10-01 02:00:00
SUP000190,ENT009921,Arhaven Pharma S.A.,Events Services,Germany,60,Low,False,2021-11-08 00:00:00,Active,2026-10-01 02:00:00
SUP000191,ENT003435,Dorlyn Packaging Pte. Ltd.,Professional Services,United States,60,Low,True,11/08/2017,Active,2026-10-01 02:00:00
SUP000192,ENT001140,Mareon Industries Corp.,Content Vendors,Canada,30,Low,False,2014-08-22 00:00:00,Active,2026-10-01 02:00:00
SUP000193,ENT009162,Caleon Motors Pte. Ltd.,Events Services,Philippines,30,Low,False,2019-08-12 00:00:00,Active,2026-10-01 02:00:00
SUP000194,ENT001433,Corridge Biotech Pte. Ltd.,Software,Philippines,15,Medium,False,2018-02-03 00:00:00,Active,2026-10-01 02:00:00
SUP000195,ENT003183,Lumdale Holdings Pte. Ltd.,IT Services,South Africa,30,Low,True,2018-01-08 00:00:00,Active,2026-10-01 02:00:00
SUP000196,ENT009275,Quinport Foods Corp.,IT Services,Brazil,60,Low,False,2018-10-10 00:00:00,Active,2026-10-01 02:00:00
SUP000197,ENT002159,Fenith Health Pte. Ltd.,IT Services,United Kingdom,30,Low,True,2019-07-16 00:00:00,Inactive,2026-10-01 02:00:00
SUP000198,ENT002370,Talith Holdings Inc.,Data Providers,India,30,High,False,2018-08-17 00:00:00,Inactive,2026-10-01 02:00:00
SUP000199,ENT002688,Quinvale Systems Co.,Content Vendors,Singapore,30,Medium,False,2025-05-23 00:00:00,Inactive,2026-10-01 02:00:00
SUP000200,ENT007645,Roseon Insurance Pte. Ltd.,Events Services,Philippines,30,Medium,False,2024-02-12 00:00:00,Active,2026-10-01 02:00:00
SUP000201,ENT000540,Calbrook Energy Corp.,IT Services,United States,45,Medium,False,2020-08-20 00:00:00,Inactive,2026-10-01 02:00:00
SUP000202,ENT007161,Lumlyn Technologies Ltd.,Data Providers,Indonesia,45,Low,False,2025-11-18 00:00:00,Inactive,2026-10-01 02:00:00
SUP000203,ENT002425,Halmere Packaging Inc.,Software,United States,30,Low,False,2024-01-01 00:00:00,Active,2026-10-01 02:00:00
SUP000204,ENT003250,Rosora Foods S.A.,Events Services,China,15,Low,False,2014-08-22 00:00:00,Active,2026-10-01 02:00:00
SUP000205,ENT004870,Lumova Partners Corp.,IT Services,India,30,Low,False,2017-04-04 00:00:00,Inactive,2026-10-01 02:00:00
SUP000206,ENT003727,,Software,Brazil,60,Low,False,2021-04-30 00:00:00,Blocked,2026-10-01 02:00:00
SUP000207,ENT003575,Pelmora Holdings GmbH,Events Services,Philippines,30,Low,False,2015-05-07 00:00:00,Active,2026-10-01 02:00:00
SUP000208,ENT002251,Arport Agritech Inc.,,Malaysia,30,Low,False,2018-11-19 00:00:00,Active,2026-10-01 02:00:00
SUP000209,ENT008117,Marane Motors Pte. Ltd.,Facilities,South Africa,45,High,True,2015-03-26 00:00:00,Inactive,2026-10-01 02:00:00
SUP000210,ENT007179,Lumcrest Robotics K.K.,Travel,United States,60,Medium,False,2014-03-07 00:00:00,Active,2026-10-01 02:00:00
SUP000211,ENT005796,Talith Agritech Ltd.,Facilities,United Kingdom,30,Low,False,2019-01-11 00:00:00,Active,2026-10-01 02:00:00
SUP000212,ENT003215,Selane Retail Corp.,IT Services,South Africa,45,Low,False,2016-07-06 00:00:00,Active,2026-10-01 02:00:00
SUP000213,ENT008953,Wesmere Finance Inc.,IT Services,India,60,Low,False,2024-02-07 00:00:00,Active,2026-10-01 02:00:00
SUP000214,ENT005511,Wesara Industries Co.,IT Services,United States,60,Low,False,2015-08-10 00:00:00,Active,2026-10-01 02:00:00
SUP000215,ENT002969,Argate Partners Corp.,Content Vendors,United Kingdom,30,Low,False,13/02/2020,Active,2026-10-01 02:00:00
SUP000216,ENT008905,Bellyn Retail LLC,IT Services,United States,30,Medium,True,2017-10-23 00:00:00,Blocked,2026-10-01 02:00:00
SUP000217,ENT005974,Elvale Finance Global 2 Ltd.,Travel,Germany,45,Low,False,2017-09-15 00:00:00,Active,2026-10-01 02:00:00
SUP000218,ENT000840,Ulen Robotics S.A.,Software,Netherlands,30,Low,False,2023-04-13 00:00:00,Active,2026-10-01 02:00:00
SUP000219,ENT005157,Aleon Pharma B.V.,Professional Services,India,45,High,False,"Aug 14, 2023",Active,2026-10-01 02:00:00
SUP000220,ENT003868,,,Brazil,15,Low,False,2023-12-06 00:00:00,Active,2026-10-01 02:00:00
SUP000221,ENT002392,Halstone Technologies PLC,Software,China,30,Low,False,2024-01-23 00:00:00,Active,2026-10-01 02:00:00
SUP000222,ENT006095,Moreon Capital LLC,Professional Services,Brazil,15,Low,False,2022-02-22 00:00:00,Active,2026-10-01 02:00:00
SUP000223,ENT007998,Morix Technologies GmbH,Content Vendors,United States,30,Low,True,2025-01-02 00:00:00,Active,2026-10-01 02:00:00
SUP000224,ENT002069,Wesvale Logistics LLC,IT Services,United States,60,Low,False,2020-05-11 00:00:00,Active,2026-10-01 02:00:00
SUP000225,ENT000949,Marmora Health GmbH,Data Providers,Germany,30,Low,False,2018-06-04 00:00:00,Active,2026-10-01 02:00:00
SUP000226,ENT005073,Quinhaven Technologies PLC,Professional Services,Japan,30,Low,True,2018-02-17 00:00:00,Active,2026-10-01 02:00:00
SUP000227,ENT004239,Nordale Motors Ltd.,Data Providers,United Kingdom,60,Low,True,2025-11-14 00:00:00,Active,2026-10-01 02:00:00
SUP000228,ENT007913,Ordale Consulting GmbH,Content Vendors,United States,45,Low,False,2020-01-24 00:00:00,Active,2026-10-01 02:00:00
SUP000229,ENT006845,Bribrook Biotech Co.,IT Services,Philippines,30,Low,False,22/06/2018,Active,2026-10-01 02:00:00
SUP000230,ENT008796,Tordell Technologeis PLC,Professional Services,Vietnam,30,Low,True,2023-12-17 00:00:00,Active,2026-10-01 02:00:00
SUP000231,ENT004338,Valhaven Foods PLC,Data Providers,United States,30,Medium,False,2023-07-12 00:00:00,Active,2026-10-01 02:00:00
SUP000232,ENT009277,Venmere Technologies Global 2 Co.,Data Providers,Philippines,30,Low,False,2016-06-20 00:00:00,Active,2026-10-01 02:00:00
SUP000233,ENT002457,Fendell Motors Pte. Ltd.,,France,30,Low,False,2021-04-26 00:00:00,Active,2026-10-01 02:00:00
SUP000234,ENT004603,Torwick Systems Corp.,IT Services,Indonesia,30,Low,True,2014-09-10 00:00:00,Active,2026-10-01 02:00:00
SUP000235,ENT008206,Toren Motors S.A.,IT Services,Netherlands,45,Low,False,2026-05-25 00:00:00,Active,2026-10-01 02:00:00
SUP000236,ENT008029,Selwick Agritech LLC,Data Providers,Japan,60,Low,True,2023-10-26 00:00:00,Active,2026-10-01 02:00:00
SUP000237,ENT004892,Peldale Capital Pte. Global 2 Ltd.,Software,Singapore,30,High,False,2025-01-30 00:00:00,Active,2026-10-01 02:00:00
SUP000238,ENT009077,Valport Technologies PLC,IT Services,Australia,30,Low,False,2016-01-14 00:00:00,Active,2026-10-01 02:00:00
SUP000239,ENT000527,Valhaven Motors Corp.,Facilities,Philippines,30,Medium,False,2026-08-25 00:00:00,Active,2026-10-01 02:00:00
SUP000240,ENT002313,Valora Holdings Ltd.,IT Services,Singapore,30,Medium,False,"Jan 27, 2023",Active,2026-10-01 02:00:00
SUP000241,ENT003887,Armora Finance PLC,IT Services,Indonesia,45,Low,False,2021-09-03 00:00:00,Active,2026-10-01 02:00:00
SUP000242,ENT004674,Selbrook Biotech PLC,Professional Services,United Kingdom,15,Medium,False,2024-07-25 00:00:00,Active,2026-10-01 02:00:00
SUP000243,ENT001350,Wesgate Energy PLC,Facilities,UAE,45,Medium,False,2016-01-12 00:00:00,Active,2026-10-01 02:00:00
SUP000244,ENT009213,Verova Capital S.A.,Content Vendors,United Kingdom,30,Medium,False,2026-05-04 00:00:00,Active,2026-10-01 02:00:00
SUP000245,ENT005799,Belvale TextilesG mbH,IT Services,Japan,30,Medium,False,2024-10-14 00:00:00,Active,2026-10-01 02:00:00
SUP000246,ENT003157,Calova Biotech K.K.,Events Services,South Africa,30,Low,False,2016-08-03 00:00:00,Active,2026-10-01 02:00:00
SUP000247,ENT006411,Pelford Consulting Pte. Ltd.,Facilities,United States,30,Low,False,2024-02-27 00:00:00,Active,2026-10-01 02:00:00
SUP000248,ENT009836,Elith Analytics Ltd.,Professional Services,Philippines,15,Low,False,2016-09-02 00:00:00,Inactive,2026-10-01 02:00:00
SUP000249,ENT004513,Marmora Labs Co.,Software,United Kingdom,30,Medium,True,2016-05-13 00:00:00,Inactive,2026-10-01 02:00:00
SUP000250,ENT002055,Lumstone Media Corp.,Facilities,Germany,15,Low,False,2024-12-23 00:00:00,Active,2026-10-01 02:00:00
SUP000251,ENT009142,Rosstone Insurance K.K.,Data Providers,South Africa,30,Medium,True,2026-05-04 00:00:00,Active,2026-10-01 02:00:00
SUP000252,ENT008515,Ulwick Motors Ltd.,Content Vendors,United States,30,Low,True,2022-05-20 00:00:00,Active,2026-10-01 02:00:00
SUP000253,ENT004683,DORION HOLDINGS GMBH,Professional Services,United States,60,Low,False,2024-09-27 00:00:00,Active,2026-10-01 02:00:00
SUP000254,ENT006102,Calhaven Pharma LLC,IT Services,Malaysia,45,Low,False,2020-04-20 00:00:00,Inactive,2026-10-01 02:00:00
SUP000255,ENT002197,Brimere Insurance Inc.,Content Vendors,India,15,Low,False,2021-05-03 00:00:00,Active,2026-10-01 02:00:00
SUP000256,ENT002942,Cordell Holdings Co.,Professional Services,India,30,Medium,False,2017-07-14 00:00:00,Active,2026-10-01 02:00:00
SUP000257,ENT009676,Maren Energy Co.,Facilities,Philippines,30,Low,True,2022-02-06 00:00:00,Active,2026-10-01 02:00:00
SUP000258,ENT004323,Venhaven Health Inc.,Travel,Australia,30,Low,False,2021-01-26 00:00:00,Active,2026-10-01 02:00:00
SUP000259,ENT001826,Elwick Media B.V.,Events Services,United States,30,Low,False,2025-09-11 00:00:00,Inactive,2026-10-01 02:00:00
SUP000260,ENT007266,Orport Biotech B.V.,IT Services,Indonesia,30,Low,False,2020-10-02 00:00:00,Active,2026-10-01 02:00:00
SUP000261,ENT005477,Quinridge Partners K.K.,Content Vendors,Singapore,60,Low,False,"Sep 17, 2019",Active,2026-10-01 02:00:00
SUP000262,ENT004190,Verport Capital S.A.,Professional Services,Germany,30,Low,False,2023-06-20 00:00:00,Inactive,2026-10-01 02:00:00
SUP000263,ENT004976,Lumith Packaging Co.,Software,Philippines,45,Low,False,08/01/2019,Active,2026-10-01 02:00:00
SUP000264,ENT009499,Halstone Trading Pte. Global 2 Ltd.,Events Services,Brazil,30,Low,False,2018-05-28 00:00:00,Inactive,2026-10-01 02:00:00
SUP000265,ENT000694,Talgate Foods GmbH,Professional Services,Philippines,30,Low,True,2018-06-07 00:00:00,Active,2026-10-01 02:00:00
SUP000266,ENT003697,Halova Energy Co.,Facilities,Germany,15,Low,False,2022-08-04 00:00:00,Inactive,2026-10-01 02:00:00
SUP000267,ENT009976,Selion Capital Inc.,Professional Services,Australia,60,Low,False,16/01/2023,Active,2026-10-01 02:00:00
SUP000268,ENT004584,Selith Retail B.V.,Events Services,China,45,Low,False,2017-09-29 00:00:00,Active,2026-10-01 02:00:00
SUP000269,ENT004090,Valora Retail S.A.,Events Services,France,30,Medium,True,2024-12-27 00:00:00,Inactive,2026-10-01 02:00:00
SUP000270,ENT003663,Orstone Trading GmbH,IT Services,Indonesia,30,Low,False,2026-02-27 00:00:00,Active,2026-10-01 02:00:00
SUP000271,ENT009464,Wescres tCapital Co.,Travel,Japan,30,Low,False,2021-05-14 00:00:00,Active,2026-10-01 02:00:00
SUP000272,ENT003006,Talvale Holdings Ltd.,IT Services,Philippines,30,Medium,False,2020-03-13 00:00:00,Active,2026-10-01 02:00:00
SUP000273,ENT003977,Halora Robotics Corp.,IT Services,United States,60,High,True,2014-09-29 00:00:00,Active,2026-10-01 02:00:00
SUP000274,ENT002726,Morport Motors S.A.,Facilities,United States,30,Low,False,"Jan 02, 2026",Active,2026-10-01 02:00:00
SUP000275,ENT000826,Maren Packaging Inc.,Content Vendors,Japan,30,Low,False,2023-11-10 00:00:00,Active,2026-10-01 02:00:00
SUP000276,ENT007740,Nordale Mining S.A.,Content Vendors,India,30,Low,False,2021-06-03 00:00:00,Active,2026-10-01 02:00:00
SUP000277,ENT004998,Talith Systems S.A.,Travel,Brazil,30,Low,False,2025-09-19 00:00:00,Active,2026-10-01 02:00:00
SUP000278,ENT003180,Belstone Consulting Ltd.,Facilities,United Kingdom,60,Medium,False,2025-12-19 00:00:00,Active,2026-10-01 02:00:00
SUP000279,ENT008054,Verora Foods GmbH,IT Services,China,30,Low,False,2021-01-29 00:00:00,Active,2026-10-01 02:00:00
SUP000280,ENT005972,Ulmora Motors LLC,Facilities,South Africa,60,Low,False,2025-05-14 00:00:00,Active,2026-10-01 02:00:00
SUP000281,ENT009438,Marora Media Corp.,Travel,United States,30,Medium,False,2024-03-14 00:00:00,Active,2026-10-01 02:00:00
SUP000282,ENT009065,Araris Capital S.A.,Professional Services,Philippines,30,Low,False,2020-10-19 00:00:00,Inactive,2026-10-01 02:00:00
SUP000283,ENT006129,Corvanta Robotics PLC,Events Services,China,30,Low,True,2022-02-15 00:00:00,Active,2026-10-01 02:00:00
SUP000284,ENT000189,Norlyn Industries Corp.,Facilities,Singapore,30,Low,False,2025-06-03 00:00:00,Active,2026-10-01 02:00:00
SUP000285,ENT000735,Belane Pharma S.A.,IT Services,Philippines,60,Low,False,2014-03-03 00:00:00,Active,2026-10-01 02:00:00
SUP000286,ENT004678,Ardale Mining Corp.,Facilities,United States,45,Low,False,2024-02-26 00:00:00,Active,2026-10-01 02:00:00
SUP000287,ENT007309,  kelmora technologies llc ,IT Services,Philippines,60,Low,False,2025-03-03 00:00:00,Active,2026-10-01 02:00:00
SUP000288,ENT006173,Rosbrook Agritech Corp.,Facilities,United States,30,High,False,2014-09-16 00:00:00,Active,2026-10-01 02:00:00
SUP000289,ENT002991,Quinion Systems Ltd.,Events Services,UAE,30,Low,False,2015-03-18 00:00:00,Inactive,2026-10-01 02:00:00
SUP000290,ENT004225,Galford Industries PLC,Facilities,Indonesia,60,Medium,False,2026-08-28 00:00:00,Active,2026-10-01 02:00:00
SUP000291,ENT003479,Halport Eenrgy PLC,Professional Services,Canada,30,Medium,False,2015-03-20 00:00:00,Active,2026-10-01 02:00:00
SUP000292,ENT002914,Istaris Energy K.K.,Software,United States,30,Low,False,2017-02-02 00:00:00,Active,2026-10-01 02:00:00
SUP000293,ENT007222,Zanbrook Capital Pte. Ltd.,Travel,Germany,60,Low,False,2019-08-05 00:00:00,Active,2026-10-01 02:00:00
SUP000294,ENT007694,Oreon Robotics Inc.,Content Vendors,United Kingdom,45,Medium,False,2024-12-09 00:00:00,Active,2026-10-01 02:00:00
SUP000295,ENT009028,Quinova Agritech PLC,Professional Services,United States,60,Medium,False,2019-07-29 00:00:00,Active,2026-10-01 02:00:00
SUP000296,ENT009963,Rosbrook Health PLC,IT Services,Philippines,45,Medium,False,2024-03-26 00:00:00,Inactive,2026-10-01 02:00:00
SUP000297,ENT003992,Weshaven Media Global 2 LLC,,Japan,30,Low,False,2016-10-21 00:00:00,Inactive,2026-10-01 02:00:00
SUP000298,ENT002308,Halcrest AnalyticsB .V.,Software,India,30,Low,False,2025-10-31 00:00:00,Active,2026-10-01 02:00:00
SUP000299,ENT004935,Zandell Trading Global 2 Inc.,Data Providers,United States,15,Low,False,2025-02-26 00:00:00,Active,2026-10-01 02:00:00
SUP000300,ENT003273,Rosion Textiles Pte. Ltd.,Events Services,Australia,45,High,True,2018-12-08 00:00:00,Active,2026-10-01 02:00:00
SUP000301,ENT001154,Calridge Mining GmbH,Facilities,Philippines,60,Low,False,2023-02-27 00:00:00,Inactive,2026-10-01 02:00:00
SUP000302,ENT009489,Galridge Retail Corp.,Data Providers,India,60,Low,False,2024-06-26 00:00:00,Active,2026-10-01 02:00:00
SUP000303,ENT000724,Kelmere Holdings B.V.,Events Services,United Kingdom,30,Low,False,2017-01-17 00:00:00,Active,2026-10-01 02:00:00
SUP000304,ENT002851,Brivale Logistics S.A.,Content Vendors,Netherlands,30,Medium,False,2016-09-19 00:00:00,Active,2026-10-01 02:00:00
SUP000305,ENT009673,Eleon Robotics Ltd.,Professional Services,Philippines,30,Medium,False,2020-10-27 00:00:00,Active,2026-10-01 02:00:00
SUP000306,ENT002747,Pelvanta Trading Corp.,Content Vendors,United States,45,Low,True,2015-12-12 00:00:00,Active,2026-10-01 02:00:00
SUP000307,ENT001205,Ulbrook Textiles K.K.,Facilities,Singapore,60,Low,False,2024-03-19 00:00:00,Active,2026-10-01 02:00:00
SUP000308,ENT001264,Galvale Health GmbH,Content Vendors,United Kingdom,30,Low,False,2015-06-01 00:00:00,Active,2026-10-01 02:00:00
SUP000309,ENT005164,Norlyn Packaging Pte. Ltd.,Software,Australia,45,Medium,False,2019-02-15 00:00:00,Active,2026-10-01 02:00:00
SUP000310,ENT007560,Calen Capital GmbH,Professional Services,United States,30,Medium,True,2016-03-24 00:00:00,Active,2026-10-01 02:00:00
SUP000311,ENT006284,Rosith Textiles K.K.,Software,United States,45,Low,False,2017-05-15 00:00:00,Active,2026-10-01 02:00:00
SUP000312,ENT001050,Elith Media GmbH,Data Providers,Malaysia,15,Low,False,2025-04-28 00:00:00,Active,2026-10-01 02:00:00
SUP000313,ENT007098,Corcrest Partners Corp.,Content Vendors,United States,30,Low,False,2017-09-19 00:00:00,Inactive,2026-10-01 02:00:00
SUP000314,ENT002169,Selmora Media GmbH,Travel,Netherlands,15,Low,False,2022-09-19 00:00:00,Inactive,2026-10-01 02:00:00
SUP000315,ENT004865,Rosdale Retail Inc.,Events Services,Australia,30,High,False,2019-11-04 00:00:00,Active,2026-10-01 02:00:00
SUP000316,ENT009826,Venmere Labs Ltd.,Facilities,Vietnam,30,Medium,True,2025-02-21 00:00:00,Active,2026-10-01 02:00:00
SUP000317,ENT009017,Marion Holdings Co.,Travel,Philippines,45,Low,True,2024-08-01 00:00:00,Active,2026-10-01 02:00:00
SUP000318,ENT000856,Halwick Holdings S.A.,Travel,India,30,Medium,False,2019-12-12 00:00:00,Active,2026-10-01 02:00:00
SUP000319,ENT002448,Talmora Mining S.A.,Facilities,Germany,15,High,True,2014-05-29 00:00:00,Active,2026-10-01 02:00:00
SUP000320,ENT008425,Kelmora Consulting K.K.,Software,South Africa,45,Low,False,2021-12-09 00:00:00,Active,2026-10-01 02:00:00
SUP000321,ENT007942,Veren Energy Pte. Ltd.,Content Vendors,United States,45,Low,False,2024-10-17 00:00:00,Active,2026-10-01 02:00:00
SUP000322,ENT002800,Morport Packaging Pte. Ltd.,Events Services,United States,60,Low,True,2017-03-09 00:00:00,Inactive,2026-10-01 02:00:00
SUP000323,ENT003076,Wesara Biotech GmbH,IT Services,India,30,Low,False,2020-06-29 00:00:00,Active,2026-10-01 02:00:00
SUP000324,ENT005925,Selwick Capital Ltd.,Travel,United States,60,Low,False,17/02/2017,Active,2026-10-01 02:00:00
SUP000325,ENT006314,Ulora Holdings Pte. Ltd.,IT Services,United States,60,Medium,True,2014-04-07 00:00:00,Active,2026-10-01 02:00:00
SUP000326,ENT007903,Quinport Partners GmbH,IT Services,Philippines,15,Low,True,2019-01-09 00:00:00,Active,2026-10-01 02:00:00
SUP000327,ENT001992,Moreon Mining Corp.,IT Services,India,30,Low,False,2023-04-27 00:00:00,Active,2026-10-01 02:00:00
SUP000328,ENT006578,Vendale Systems K.K.,IT Services,Philippines,30,High,True,2024-11-11 00:00:00,Active,2026-10-01 02:00:00
SUP000329,ENT002068,Marlyn Analytics LLC,Events Services,India,30,Low,False,2023-03-13 00:00:00,Active,2026-10-01 02:00:00
SUP000330,ENT001394,Mardell Capital Pte. Ltd.,Professional Services,Philippines,30,Low,False,2016-05-16 00:00:00,Active,2026-10-01 02:00:00
SUP000331,ENT009651,Lumith Industries Ltd.,IT Services,Australia,30,Medium,False,2018-02-13 00:00:00,Active,2026-10-01 02:00:00
SUP000332,ENT001929,Halstone Holdings Pte. Ltd.,Professional Services,Philippines,30,Low,False,2022-05-31 00:00:00,Active,2026-10-01 02:00:00
SUP000333,ENT000197,Elvale Insurance Inc.,Facilities,Port Varos Free Zone (fictional),60,Low,False,2019-09-02 00:00:00,Active,2026-10-01 02:00:00
SUP000334,ENT002990,Rosmere Technologies Pte. Ltd.,Facilities,India,30,High,False,2026-03-19 00:00:00,Inactive,2026-10-01 02:00:00
SUP000335,ENT004146,Ulwick Technologies Ltd.,Content Vendors,United States,60,Medium,False,2014-05-13 00:00:00,Active,2026-10-01 02:00:00
SUP000336,ENT009306,Halford Retail B.V.,Professional Services,Malaysia,30,Medium,False,"Nov 06, 2014",Active,2026-10-01 02:00:00
SUP000337,ENT004422,Verane Agritech S.A.,Professional Services,India,30,Low,False,2014-10-13 00:00:00,Active,2026-10-01 02:00:00
SUP000338,ENT009013,Elvale Agritech Inc.,Content Vendors,Netherlands,15,Medium,False,2018-01-24 00:00:00,Active,2026-10-01 02:00:00
SUP000339,ENT009892,Galion Technologies Ltd.,IT Services,Australia,15,Low,False,2026-07-18 00:00:00,Active,2026-10-01 02:00:00
SUP000340,ENT006519,Elgate Agritech Corp.,Travel,Germany,15,Low,False,2020-12-31 00:00:00,Active,2026-10-01 02:00:00
SUP000341,ENT003274,Belane Insurance LLC,Content Vendors,China,60,Low,False,2023-06-08 00:00:00,Active,2026-10-01 02:00:00
SUP000342,ENT002539,Alport Labs B.V.,Events Services,Philippines,30,Low,True,2014-10-09 00:00:00,Active,2026-10-01 02:00:00
SUP000343,ENT007193,Corion Analytics B.V.,Professional Services,Singapore,15,Medium,False,2021-12-20 00:00:00,Inactive,2026-10-01 02:00:00
SUP000344,ENT009649,Orith Insurance PLC,Travel,Indonesia,60,Low,False,2022-08-17 00:00:00,Active,2026-10-01 02:00:00
SUP000345,ENT007915,BRIVANTA FOODS K.K.,Content Vendors,Australia,30,Low,False,2017-11-14 00:00:00,Active,2026-10-01 02:00:00
SUP000346,ENT007301,Venion Partners Ltd.,Events Services,United States,30,Low,False,2024-01-12 00:00:00,Active,2026-10-01 02:00:00
SUP000347,ENT008316,Calith Trading Pte. Ltd.,Software,Singapore,30,Low,False,"Oct 03, 2018",Active,2026-10-01 02:00:00
SUP000348,ENT001314,Elen Finance Ltd.,Professional Services,India,30,Medium,False,14/10/2021,Active,2026-10-01 02:00:00
SUP000349,ENT002364,Valith Finance S.A.,Travel,Canada,30,Low,True,2024-08-05 00:00:00,Active,2026-10-01 02:00:00
SUP000350,ENT003342,Torcrest Insurance GmbH,Content Vendors,United States,15,Low,False,2022-03-21 00:00:00,Active,2026-10-01 02:00:00
SUP000351,ENT003730,Norwick Media GmbH,Facilities,Singapore,15,Medium,False,2024-02-27 00:00:00,Active,2026-10-01 02:00:00
SUP000352,ENT003798,Pelara Consulting S.A.,IT Services,United Kingdom,60,Medium,False,2021-01-11 00:00:00,Active,2026-10-01 02:00:00
SUP000353,ENT008708,Coraris Capital Pte. Ltd.,IT Services,China,45,Low,False,2019-07-08 00:00:00,Active,2026-10-01 02:00:00
SUP000354,ENT006629,Venith Industries PLC,Travel,United States,30,Medium,False,2014-04-11 00:00:00,Active,2026-10-01 02:00:00
SUP000355,ENT008647,Dorhaven Textiles Co.,Travel,Germany,30,Medium,False,20/05/2016,Active,2026-10-01 02:00:00
SUP000356,ENT009927,Venstone Agritech Pte. Ltd.,,United States,30,Low,False,2017-09-01 00:00:00,Active,2026-10-01 02:00:00
SUP000357,ENT003461,,Software,France,30,Low,False,2016-11-09 00:00:00,Active,2026-10-01 02:00:00
SUP000358,ENT001413,Torova Robotics Inc.,Facilities,Japan,30,Medium,False,2024-02-21 00:00:00,Active,2026-10-01 02:00:00
SUP000359,ENT001501,Bellyn Insurance Corp.,Travel,United States,60,High,False,2021-09-24 00:00:00,Active,2026-10-01 02:00:00
SUP000360,ENT005521,Lumcrest Finance Ltd.,Facilities,Germany,15,Low,False,2022-09-23 00:00:00,Blocked,2026-10-01 02:00:00
SUP000361,ENT002933,Kelmora Capital Corp.,Content Vendors,Philippines,60,Low,False,2016-11-28 00:00:00,Inactive,2026-10-01 02:00:00
SUP000362,ENT003133,  rosion health s.a. ,IT Services,Canada,60,Low,False,2014-03-07 00:00:00,Active,2026-10-01 02:00:00
SUP000363,ENT002655,Pellyn Partners Pte. Ltd.,Professional Services,Malaysia,30,Low,False,2018-06-05 00:00:00,Active,2026-10-01 02:00:00
SUP000364,ENT005455,Veraris Packaging Corp.,Facilities,Germany,30,High,False,2024-02-29 00:00:00,Active,2026-10-01 02:00:00
SUP000365,ENT004768,Belova Retail S.A.,IT Services,Philippines,30,Low,True,17/04/2015,Active,2026-10-01 02:00:00
SUP000366,ENT004948,Coraris Health Pte. Ltd.,Facilities,India,60,Medium,False,2018-10-12 00:00:00,Active,2026-10-01 02:00:00
SUP000367,ENT008389,Toreon Biotech GmbH,Events Services,South Africa,30,Low,False,2022-11-14 00:00:00,Active,2026-10-01 02:00:00
SUP000368,ENT000103,TORSTONE ROBOTICS GMBH,IT Services,China,30,Low,False,2025-08-15 00:00:00,Active,2026-10-01 02:00:00
SUP000369,ENT008051,Alridge Mining PLC,IT Services,Netherlands,60,Medium,False,2022-07-01 00:00:00,Active,2026-10-01 02:00:00
SUP000370,ENT003469,Halridge Robotics Pte. Ltd.,Facilities,India,30,High,False,2015-04-06 00:00:00,Active,2026-10-01 02:00:00
SUP000371,ENT002000,Kelcrest Tehcnologies PLC,Facilities,Canada,30,Medium,False,2016-07-11 00:00:00,Active,2026-10-01 02:00:00
SUP000372,ENT008957,Calen Finance Corp.,Events Services,India,30,Medium,False,2015-12-18 00:00:00,Active,2026-10-01 02:00:00
SUP000373,ENT006647,Istvale Capital Global 2 B.V.,Software,India,30,Low,False,2020-06-08 00:00:00,Active,2026-10-01 02:00:00
SUP000374,ENT001868,Istvale Finance LLC,,United Kingdom,60,Medium,False,2016-08-05 00:00:00,Active,2026-10-01 02:00:00
SUP000375,ENT009755,Zanport Robotics LLC,Professional Services,Philippines,60,Low,False,2018-02-16 00:00:00,Active,2026-10-01 02:00:00
SUP000376,ENT004101,Alen Systems Ltd.,Professional Services,Philippines,30,Medium,False,2022-09-08 00:00:00,Active,2026-10-01 02:00:00
SUP000377,ENT000139,Galstone Finance GmbH,IT Services,India,30,Low,True,2015-05-19 00:00:00,Active,2026-10-01 02:00:00
SUP000378,ENT008299,Elridge Analytics B.V.,Events Services,Vietnam,15,Low,False,2015-02-05 00:00:00,Blocked,2026-10-01 02:00:00
SUP000379,ENT002672,Norova Logistics GmbH,IT Services,India,30,Low,False,2025-11-28 00:00:00,Active,2026-10-01 02:00:00
SUP000380,ENT004556,Elaris Foods Co.,Software,UAE,45,Medium,False,2025-04-03 00:00:00,Inactive,2026-10-01 02:00:00
SUP000381,ENT002471,Doreon Mining Pte. Ltd.,,United States,30,Low,False,2014-10-21 00:00:00,Active,2026-10-01 02:00:00
SUP000382,ENT007361,Ulport Consulting Corp.,Professional Services,Philippines,30,Medium,False,2015-10-08 00:00:00,Active,2026-10-01 02:00:00
SUP000383,ENT008379,Alhaven Pharma LLC,Facilities,UAE,45,Medium,True,2019-10-17 00:00:00,Active,2026-10-01 02:00:00
SUP000384,ENT000530,Armora Logistics Ltd.,Software,UAE,30,Low,True,2023-05-26 00:00:00,Active,2026-10-01 02:00:00
SUP000385,ENT003003,Galridge Biotech Corp.,Content Vendors,China,30,Medium,False,2019-07-29 00:00:00,Active,2026-10-01 02:00:00
SUP000386,ENT007159,Rosstone Energy LLC,Facilities,Germany,30,Low,False,2017-08-29 00:00:00,Inactive,2026-10-01 02:00:00
SUP000387,ENT008401,Belora Biotech Pte. Ltd.,Software,United States,15,Low,False,2020-11-25 00:00:00,Active,2026-10-01 02:00:00
SUP000388,ENT003038,Istane Capital LLC,IT Services,United Kingdom,30,Low,False,2020-06-04 00:00:00,Active,2026-10-01 02:00:00
SUP000389,ENT002272,Briridge Media S.A.,IT Services,Australia,45,Low,False,2017-12-01 00:00:00,Active,2026-10-01 02:00:00
SUP000390,ENT009843,Seldell Capital GmbH,IT Services,Australia,30,Low,False,2022-06-23 00:00:00,Active,2026-10-01 02:00:00
SUP000391,ENT009695,Arstone Systems B.V.,Data Providers,United States,60,Low,False,2016-12-16 00:00:00,Active,2026-10-01 02:00:00
SUP000392,ENT004578,Halbrook Textiles GmbH,IT Services,China,15,Low,False,2014-08-01 00:00:00,Active,2026-10-01 02:00:00
SUP000393,ENT002094,Verix Analytics S.A.,Software,Germany,45,Low,False,2021-02-21 00:00:00,Active,2026-10-01 02:00:00
SUP000394,ENT004814,Dorbrook Pharma LLC,Professional Services,India,30,Medium,False,2018-05-11 00:00:00,Active,2026-10-01 02:00:00
SUP000395,ENT001297,Belova Industries K.K.,Travel,United States,30,Low,False,2018-11-12 00:00:00,Active,2026-10-01 02:00:00
SUP000396,ENT009317,Fenmora Partners LLC,IT Services,Philippines,30,Low,False,2017-08-02 00:00:00,Active,2026-10-01 02:00:00
SUP000397,ENT001049,Calvanta Agritech Pte. Ltd.,Content Vendors,Canada,30,Low,True,2017-01-20 00:00:00,Inactive,2026-10-01 02:00:00
SUP000398,ENT001374,Alith Energy Pte. Ltd.,Facilities,Indonesia,30,Low,False,2016-07-11 00:00:00,Inactive,2026-10-01 02:00:00
SUP000399,ENT005784,Elara Energy Co.,Events Services,Philippines,45,Low,False,2016-10-27 00:00:00,Active,2026-10-01 02:00:00
SUP000400,ENT002986,Dorvanta Biotech LLC,Facilities,United Kingdom,60,Low,False,2015-11-09 00:00:00,Active,2026-10-01 02:00:00
SUP000401,ENT001709,Fenvale Analytics GmbH,Content Vendors,United States,45,Medium,False,2025-06-24 00:00:00,Active,2026-10-01 02:00:00
SUP000402,ENT009795,Wesix Holdings Co.,IT Services,Canada,30,Low,False,2023-02-28 00:00:00,Active,2026-10-01 02:00:00
SUP000403,ENT001286,Lumen Textiles Corp.,Data Providers,China,60,Low,False,2025-12-17 00:00:00,Active,2026-10-01 02:00:00
SUP000404,ENT006529,Valdell Energy S.A.,Professional Services,India,30,Medium,False,2024-12-21 00:00:00,Active,2026-10-01 02:00:00
SUP000405,ENT005760,Venvanta Pharma S.A.,Software,Port Varos Free Zone (fictional),30,Low,True,2014-10-10 00:00:00,Blocked,2026-10-01 02:00:00
SUP000406,ENT007146,Briport Capital K.K.,Software,China,30,Low,True,2022-04-18 00:00:00,Active,2026-10-01 02:00:00
SUP000407,ENT003919,Venlyn Mining Inc.,Professional Services,India,60,Low,False,2022-11-21 00:00:00,Active,2026-10-01 02:00:00
SUP000408,ENT005911,Selcrest Partners K.K.,Travel,United States,45,Low,True,2021-03-01 00:00:00,Active,2026-10-01 02:00:00
SUP000409,ENT000140,Torvale Technologies B.V.,Data Providers,Philippines,30,Medium,False,2016-06-25 00:00:00,Active,2026-10-01 02:00:00
SUP000410,ENT001031,Ormora Energy K.K.,Content Vendors,United Kingdom,60,Low,False,2022-02-25 00:00:00,Active,2026-10-01 02:00:00
SUP000411,ENT009039,Verford Analytics Co.,Data Providers,Indonesia,60,High,True,2025-04-10 00:00:00,Active,2026-10-01 02:00:00
SUP000412,ENT009278,Pelvale Holdings PLC,Professional Services,China,15,Low,False,"Oct 26, 2023",Active,2026-10-01 02:00:00
SUP000413,ENT006456,Galmere Finance B.V.,Data Providers,Singapore,30,Low,True,28/09/2016,Inactive,2026-10-01 02:00:00
SUP000414,ENT001137,Halport Finance LLC,Facilities,Japan,30,Medium,False,2017-11-10 00:00:00,Active,2026-10-01 02:00:00
SUP000415,ENT004804,Rosith Logistics Pte. Ltd.,Professional Services,Australia,30,Low,False,2022-10-21 00:00:00,Inactive,2026-10-01 02:00:00
SUP000416,ENT006327,Elmere Finance Co.,Professional Services,United States,30,Low,True,2014-09-24 00:00:00,Active,2026-10-01 02:00:00
SUP000417,ENT001733,Peldell Biotech S.A.,,Brazil,30,Medium,False,2020-01-17 00:00:00,Active,2026-10-01 02:00:00
SUP000418,ENT001061,Rosmere Mining Corp.,Events Services,Japan,30,Low,False,2020-11-23 00:00:00,Active,2026-10-01 02:00:00
SUP000419,ENT009211,Corova Finance Ltd.,IT Services,Indonesia,30,Low,False,2021-02-18 00:00:00,Inactive,2026-10-01 02:00:00
SUP000420,ENT002917,Corbrook Labs Co.,Content Vendors,Japan,30,Low,False,2022-12-09 00:00:00,Inactive,2026-10-01 02:00:00
SUP000421,ENT004544,Alion Insurance B.V.,Professional Services,Germany,15,Medium,False,2026-06-12 00:00:00,Active,2026-10-01 02:00:00
SUP000422,ENT002053,Norhaven Robotics GmbH,Content Vendors,Germany,30,Medium,False,2021-11-23 00:00:00,Active,2026-10-01 02:00:00
SUP000423,ENT007830,Valix Robotics Inc.,Facilities,Japan,30,Medium,True,2022-02-28 00:00:00,Active,2026-10-01 02:00:00
SUP000424,ENT006264,Corwick Motors Ltd.,Facilities,Singapore,60,Low,False,18/11/2019,Active,2026-10-01 02:00:00
SUP000425,ENT002771,Rosion Capital Corp.,Events Services,Philippines,60,Low,True,2022-06-14 00:00:00,Active,2026-10-01 02:00:00
SUP000426,ENT004197,Selwick Energy Corp.,IT Services,Philippines,45,Low,True,2018-07-25 00:00:00,Inactive,2026-10-01 02:00:00
SUP000427,ENT001815,Zanford Biotech Inc.,Content Vendors,Philippines,15,Low,True,2017-02-17 00:00:00,Inactive,2026-10-01 02:00:00
SUP000428,ENT001691,Kelora Packaging Ltd.,Facilities,UAE,30,Medium,True,2019-04-02 00:00:00,Active,2026-10-01 02:00:00
SUP000429,ENT008392,Halbrook Foods Corp.,Content Vendors,United States,30,Medium,False,2017-05-09 00:00:00,Active,2026-10-01 02:00:00
SUP000430,ENT008587,Araris Logistics S.A.,Facilities,United States,30,Low,False,2024-05-28 00:00:00,Active,2026-10-01 02:00:00
SUP000431,ENT002745,Kelport Partners S.A.,Professional Services,Japan,30,High,False,2014-12-04 00:00:00,Inactive,2026-10-01 02:00:00
SUP000432,ENT004967,Calridge Finance Ltd.,IT Services,China,15,Low,False,2017-06-26 00:00:00,Active,2026-10-01 02:00:00
SUP000433,ENT007223,Quindale Systems S.A.,Events Services,Australia,15,Low,False,2024-04-02 00:00:00,Active,2026-10-01 02:00:00
SUP000434,ENT005194,Corova Mining LLC,Professional Services,Singapore,30,Low,True,2020-08-24 00:00:00,Active,2026-10-01 02:00:00
SUP000435,ENT004298,Toraris Industries K.K.,Data Providers,China,60,Low,False,2016-09-28 00:00:00,Active,2026-10-01 02:00:00
SUP000436,ENT002460,Tordell Industries B.V.,Content Vendors,United States,45,Low,False,2015-04-07 00:00:00,Active,2026-10-01 02:00:00
SUP000437,ENT008308,Ellyn Capital S.A.,Travel,Germany,30,Low,False,2020-03-02 00:00:00,Inactive,2026-10-01 02:00:00
SUP000438,ENT000738,Selford Industries K.K.,Data Providers,UAE,60,Low,False,2024-05-13 00:00:00,Active,2026-10-01 02:00:00
SUP000439,ENT004472,Lumix Capital LLC,Professional Services,China,30,Low,False,2017-06-13 00:00:00,Active,2026-10-01 02:00:00
SUP000440,ENT002164,Venvale Holdings Co.,Professional Services,Indonesia,30,Medium,False,2019-06-18 00:00:00,Active,2026-10-01 02:00:00
SUP000441,ENT004744,Alara Packaging K.K.,IT Services,United States,30,Low,False,2023-07-28 00:00:00,Active,2026-10-01 02:00:00
SUP000442,ENT000211,Kelara Media Inc.,Travel,Japan,30,Medium,False,2014-10-23 00:00:00,Blocked,2026-10-01 02:00:00
SUP000443,ENT001530,  none ,IT Services,Japan,45,Medium,False,2022-09-27 00:00:00,Active,2026-10-05 02:00:00
SUP000444,ENT003813,Talwick Partners PLC,Events Services,Netherlands,30,Low,True,2017-08-22 00:00:00,Inactive,2026-10-01 02:00:00
SUP000445,ENT009672,Lumara Partners K.K.,Events Services,Malaysia,45,Medium,False,2022-08-23 00:00:00,Inactive,2026-10-01 02:00:00
SUP000446,ENT007919,Arford Systems GmbH,Facilities,Canada,30,Medium,False,2025-05-28 00:00:00,Active,2026-10-01 02:00:00
SUP000447,ENT007835,Morford Logistics Corp.,Content Vendors,United Kingdom,15,Low,False,2015-06-17 00:00:00,Active,2026-10-01 02:00:00
SUP000448,ENT008551,Mordale Pharma Pte. Ltd.,Content Vendors,Japan,30,Low,True,2014-12-10 00:00:00,Active,2026-10-01 02:00:00
SUP000449,ENT009606,Zanova Analytics K.K.,IT Services,Indonesia,30,High,False,2022-12-12 00:00:00,Active,2026-10-01 02:00:00
SUP000450,ENT000729,Selbrook Pharma Pte. Ltd.,Travel,India,30,Low,False,2025-03-21 00:00:00,Active,2026-10-01 02:00:00
SUP000451,ENT009339,Toren Energy Corp.,Facilities,South Africa,30,Medium,False,2016-11-08 00:00:00,Active,2026-10-01 02:00:00
SUP000452,ENT007993,Belmere Agritech LLC,Data Providers,United Kingdom,30,Low,False,"May 04, 2017",Active,2026-10-01 02:00:00
SUP000453,ENT002949,Caldale Technologies LLC,IT Services,United Kingdom,30,Medium,True,2016-06-07 00:00:00,Active,2026-10-01 02:00:00
SUP000454,ENT006927,Selith Consulting Global 2 GmbH,IT Services,Canada,30,Low,False,2022-09-14 00:00:00,Active,2026-10-01 02:00:00
SUP000455,ENT006412,Roslyn Health Co.,Professional Services,South Africa,45,Low,False,2025-08-20 00:00:00,Inactive,2026-10-01 02:00:00
SUP000456,ENT008928,Alora Finance K.K.,Events Services,United Kingdom,45,High,False,2023-05-08 00:00:00,Active,2026-10-01 02:00:00
SUP000457,ENT004663,Elhaven Retail Inc.,,Philippines,30,Low,True,2015-04-21 00:00:00,Active,2026-10-01 02:00:00
SUP000458,ENT007472,Halix Consulting Corp.,Content Vendors,Philippines,30,Medium,False,2024-06-18 00:00:00,Active,2026-10-01 02:00:00
SUP000459,ENT004555,Hallyn Capital Pt.e Ltd.,,Vietnam,30,Medium,False,2020-07-16 00:00:00,Active,2026-10-01 02:00:00
SUP000460,ENT007709,Noren Mining Ltd.,IT Services,Netherlands,30,Medium,True,2026-05-24 00:00:00,Active,2026-10-01 02:00:00
SUP000461,ENT006972,Valbrook Capital B.V.,Data Providers,Brazil,45,Medium,False,2018-12-21 00:00:00,Active,2026-10-01 02:00:00
SUP000462,ENT000011,Verwick Retail Corp.,Software,United Kingdom,60,Medium,True,2025-10-20 00:00:00,Active,2026-10-01 02:00:00
SUP000463,ENT005012,Eleon Foods Inc.,Data Providers,India,15,Low,False,2015-10-12 00:00:00,Inactive,2026-10-01 02:00:00
SUP000464,ENT003738,Uldale Finance PLC,Software,Philippines,30,Low,False,2021-07-16 00:00:00,Active,2026-10-01 02:00:00
SUP000465,ENT009612,Fenvale Energy Icn.,Content Vendors,Philippines,60,Low,False,2019-06-25 00:00:00,Active,2026-10-01 02:00:00
SUP000466,ENT004479,Verora Systems K.K.,Professional Services,China,30,Low,False,2020-07-17 00:00:00,Active,2026-10-01 02:00:00
SUP000467,ENT003263,Galvanta Insurance Ltd.,Professional Services,United States,60,Low,False,2020-07-31 00:00:00,Blocked,2026-10-01 02:00:00
SUP000468,ENT003810,Orstone Media GmbH,Events Services,United States,30,Medium,False,2017-06-28 00:00:00,Active,2026-10-01 02:00:00
SUP000469,ENT002756,Elford Labs Inc.,Data Providers,UAE,30,Low,True,05/12/2022,Active,2026-10-01 02:00:00
SUP000470,ENT000328,Mararis Technologies Pte. Ltd.,Content Vendors,Australia,30,Low,False,2021-03-03 00:00:00,Active,2026-10-01 02:00:00
SUP000471,ENT002541,Elridge Consulting GmbH,,United States,30,Low,False,2016-05-04 00:00:00,Active,2026-10-01 02:00:00
SUP000472,ENT007997,Elcrest Energy S.A.,Content Vendors,China,60,Low,False,2017-04-14 00:00:00,Active,2026-10-01 02:00:00
SUP000473,ENT002084,Calora Technologies Corp.,Facilities,Germany,30,Low,False,2016-11-04 00:00:00,Active,2026-10-01 02:00:00
SUP000474,ENT000398,Quinova Labs PLC,Professional Services,Philippines,45,Low,False,2022-01-31 00:00:00,Inactive,2026-10-01 02:00:00
SUP000475,ENT005374,Lumen Motors S.A.,Facilities,India,30,Low,False,2022-08-15 00:00:00,Active,2026-10-01 02:00:00
SUP000476,ENT003326,Taldale Industries LLC,Travel,India,30,High,False,2016-10-31 00:00:00,Active,2026-10-01 02:00:00
SUP000477,ENT005589,Belaris Robotics Inc.,,United Kingdom,30,Low,False,2020-06-29 00:00:00,Active,2026-10-01 02:00:00
SUP000478,ENT009476,Corbrook Holdings K.K.,IT Services,China,30,Medium,False,2018-09-26 00:00:00,Active,2026-10-01 02:00:00
SUP000479,ENT000331,Pelora Analytics LLC,Professional Services,United Kingdom,30,Low,False,2020-04-30 00:00:00,Active,2026-10-01 02:00:00
SUP000480,ENT006753,Halane Foods Inc.,,India,30,Medium,False,2019-12-07 00:00:00,Active,2026-10-01 02:00:00
SUP000481,ENT001373,Talaris Foods Ltd.,Travel,India,60,Low,False,2024-01-26 00:00:00,Active,2026-10-01 02:00:00
SUP000482,ENT002536,Belgate Textiles B.V.,Professional Services,France,15,Low,False,2023-08-29 00:00:00,Active,2026-10-01 02:00:00
SUP000483,ENT004719,Quinith Packaging S.A.,Travel,Australia,30,Low,False,2021-12-20 00:00:00,Active,2026-10-01 02:00:00
SUP000484,ENT004996,Istbrook Foods K.K.,Content Vendors,Germany,15,Low,False,2015-05-25 00:00:00,Active,2026-10-01 02:00:00
SUP000485,ENT001330,Selora Logistics Ltd.,Content Vendors,United Kingdom,15,Medium,False,2022-12-29 00:00:00,Active,2026-10-01 02:00:00
SUP000486,ENT000114,Toraris Biotech Inc.,Events Services,United States,30,Medium,False,2018-07-09 00:00:00,Active,2026-10-01 02:00:00
SUP000487,ENT001758,Pelaris Insurance Inc.,IT Services,United Kingdom,30,Low,False,2022-09-26 00:00:00,Active,2026-10-01 02:00:00
SUP000488,ENT007115,Calion Biotech PLC,Travel,Australia,30,Medium,False,2020-11-11 00:00:00,Active,2026-10-01 02:00:00
SUP000489,ENT007615,Selstone Agritech Corp.,Events Services,India,30,Low,False,02/06/2025,Active,2026-10-01 02:00:00
SUP000490,ENT000251,Wesvanta Technologies LLC,IT Services,Netherlands,30,Low,False,2024-01-18 00:00:00,Active,2026-10-01 02:00:00
SUP000491,ENT004175,Roseon Motors Co.,Content Vendors,Netherlands,30,Low,False,2021-07-22 00:00:00,Active,2026-10-01 02:00:00
SUP000492,ENT006502,Wescrest Robotics Inc.,Content Vendors,Germany,30,Medium,False,2022-03-18 00:00:00,Active,2026-10-01 02:00:00
SUP000493,ENT004700,Dorport Holdings B.V.,Events Services,Japan,30,Medium,False,2017-02-06 00:00:00,Active,2026-10-01 02:00:00
SUP000494,ENT001160,Dorara Analytics S.A.,Professional Services,Canada,30,Low,False,2022-04-25 00:00:00,Active,2026-10-01 02:00:00
SUP000495,ENT001008,Briora Energy K.K.,Software,Germany,30,Low,False,2020-01-01 00:00:00,Active,2026-10-01 02:00:00
SUP000496,ENT007259,Torbrook Agritech Pte. Ltd.,Software,Malaysia,60,Low,False,2019-04-22 00:00:00,Active,2026-10-01 02:00:00
SUP000497,ENT008640,Lumhaven Labs Ltd.,Professional Services,China,30,Low,False,2019-12-26 00:00:00,Active,2026-10-01 02:00:00
SUP000498,ENT008426,Calmere Media Pte. Ltd.,Content Vendors,Australia,60,Low,False,2021-08-09 00:00:00,Active,2026-10-01 02:00:00
SUP000499,ENT006826,Galbrook Media S.A.,Content Vendors,UAE,30,Low,False,2026-06-03 00:00:00,Inactive,2026-10-01 02:00:00
SUP000500,ENT002629,Ormora Consulting LLC,Professional Services,France,60,Low,False,2018-02-26 00:00:00,Active,2026-10-01 02:00:00
SUP000501,ENT004964,Haleon Partners Inc.,Travel,United States,30,Low,False,2018-04-11 00:00:00,Active,2026-10-01 02:00:00
SUP000502,ENT004844,Valora Analytics Pte. Ltd.,IT Services,France,60,Medium,False,2020-02-24 00:00:00,Active,2026-10-01 02:00:00
SUP000503,ENT007162,Rosridge Health LLC,Facilities,Indonesia,45,Low,False,2026-01-13 00:00:00,Active,2026-10-01 02:00:00
SUP000504,ENT003824,PELCREST SYSTEMS PLC,Data Providers,United States,30,Medium,False,2015-07-30 00:00:00,Active,2026-10-01 02:00:00
SUP000505,ENT005590,Fenridge Textiles K.K.,Events Services,Indonesia,60,Low,True,2020-07-02 00:00:00,Active,2026-10-01 02:00:00
SUP000506,ENT003149,Zanhaven Retail Pte. Ltd.,IT Services,United States,30,Low,True,30/10/2017,Blocked,2026-10-01 02:00:00
SUP000507,ENT005256,Elford Mining Pte. Ltd.,Facilities,UAE,30,Low,False,2026-03-30 00:00:00,Active,2026-10-01 02:00:00
SUP000508,ENT000201,Elcrest Pharma K.K.,Facilities,United States,45,High,True,2021-11-14 00:00:00,Active,2026-10-01 02:00:00
SUP000509,ENT002722,Kelane Foods GmbH,IT Services,France,15,Low,False,2015-01-13 00:00:00,Active,2026-10-01 02:00:00
SUP000510,ENT004258,Elvanta Trading Pte. Ltd.,Travel,Singapore,60,Low,False,2020-05-11 00:00:00,Active,2026-10-01 02:00:00
SUP000511,ENT007973,Isteon Capital PLC,Professional Services,United Kingdom,30,Low,False,2024-07-26 00:00:00,Inactive,2026-10-01 02:00:00
SUP000512,ENT006189,Lumion Biotech B.V.,Software,United States,15,Low,False,2015-11-26 00:00:00,Active,2026-10-01 02:00:00
SUP000513,ENT008143,Zanora Finance Corp.,Data Providers,Japan,15,Low,False,2025-11-10 00:00:00,Active,2026-10-01 02:00:00
SUP000514,ENT003938,Ulion Agritech Ltd.,Professional Services,United Kingdom,15,Low,True,2019-12-02 00:00:00,Active,2026-10-01 02:00:00
SUP000515,ENT008954,Valhaven Packaging GmbH,IT Services,Canada,30,Low,False,2024-03-08 00:00:00,Active,2026-10-01 02:00:00
SUP000516,ENT007775,Norcrest Textiles K.K.,Content Vendors,South Africa,30,Medium,False,11/08/2017,Active,2026-10-01 02:00:00
SUP000517,ENT007311,Uldale Finance Pt.e Ltd.,Facilities,India,60,Low,False,2025-10-16 00:00:00,Inactive,2026-10-01 02:00:00
SUP000518,ENT001706,Zanvale Robotics GmbH,Professional Services,Indonesia,60,Low,False,2015-09-15 00:00:00,Active,2026-10-01 02:00:00
SUP000519,ENT003840,,Content Vendors,India,60,Low,False,09/11/2017,Active,2026-10-01 02:00:00
SUP000520,ENT001790,Corane Packaging Pte. Ltd.,Travel,China,30,Low,True,2024-11-07 00:00:00,Active,2026-10-01 02:00:00
SUP000521,ENT002637,Corcrest Analytics S.A.,IT Services,Brazil,30,Medium,True,2014-08-11 00:00:00,Active,2026-10-01 02:00:00
SUP000522,ENT009514,Pelbrook Consulting PLC,Software,France,45,Medium,False,2023-12-06 00:00:00,Active,2026-10-01 02:00:00
SUP000523,ENT000584,Norcrest Media B.V.,IT Services,Isle of Calder (fictional),30,Low,False,2016-08-20 00:00:00,Active,2026-10-01 02:00:00
SUP000524,ENT007470,Brilyn Technologies Global 2 Co.,IT Services,Philippines,60,Low,False,2015-08-04 00:00:00,Active,2026-10-01 02:00:00
SUP000525,ENT008975,Dorport Trading Co.,Content Vendors,Germany,60,Low,False,2018-05-25 00:00:00,Active,2026-10-01 02:00:00
SUP000526,ENT005187,  galvanta textiles co. ,Software,Netherlands,60,Low,False,2020-06-06 00:00:00,Active,2026-10-01 02:00:00
SUP000527,ENT008428,Venion Agritech Corp.,Events Services,South Africa,30,Medium,True,2017-09-29 00:00:00,Active,2026-10-01 02:00:00
SUP000528,ENT002737,Valstone Biotech PLC,Content Vendors,Philippines,45,Low,False,2015-04-20 00:00:00,Active,2026-10-01 02:00:00
SUP000529,ENT006514,Quinane Foods Pte. Ltd.,Software,United States,30,Low,True,2017-06-13 00:00:00,Inactive,2026-10-01 02:00:00
SUP000530,ENT000273,Rosport Motors S.A.,Professional Services,Japan,30,Low,False,2025-02-11 00:00:00,Active,2026-10-01 02:00:00
SUP000531,ENT003163,Iststone Conuslting LLC,Events Services,France,60,High,False,2026-05-18 00:00:00,Active,2026-10-01 02:00:00
SUP000532,ENT002686,Belgate Labs Co.,Software,India,15,Low,False,2020-11-06 00:00:00,Inactive,2026-10-01 02:00:00
SUP000533,ENT009487,Belmora Biotech Pte. Ltd.,Events Services,United States,30,Low,False,2016-06-06 00:00:00,Active,2026-10-01 02:00:00
SUP000534,ENT007707,VERITH MINING S.A.,Travel,Brazil,45,Low,False,2018-09-13 00:00:00,Active,2026-10-01 02:00:00
SUP000535,ENT007450,Taldale Holdings Co.,Software,India,30,Low,False,2020-12-14 00:00:00,Inactive,2026-10-01 02:00:00
SUP000536,ENT005416,Galvale Systems B.V.,Content Vendors,United Kingdom,30,Low,False,2026-01-05 00:00:00,Active,2026-10-01 02:00:00
SUP000537,ENT008718,,Facilities,Netherlands,30,Low,False,2022-04-21 00:00:00,Active,2026-10-01 02:00:00
SUP000538,ENT002996,Quinmora Logistics Corp.,IT Services,United States,30,Low,False,2015-06-08 00:00:00,Active,2026-10-01 02:00:00
SUP000539,ENT006431,Briridge Logistics Ltd.,IT Services,Singapore,30,Low,False,2024-06-21 00:00:00,Active,2026-10-01 02:00:00
SUP000540,ENT008616,Galion Insurance Inc.,Data Providers,UAE,45,Low,False,2018-06-15 00:00:00,Active,2026-10-01 02:00:00
SUP000541,ENT001723,Rosane Pharma Ltd.,Travel,South Africa,60,Low,False,2019-06-22 00:00:00,Active,2026-10-01 02:00:00
SUP000542,ENT008522,Verora Foods K.K.,Content Vendors,UAE,45,Low,False,2014-10-31 00:00:00,Active,2026-10-01 02:00:00
SUP000543,ENT003732,Ulora Energy PLC,Content Vendors,Japan,15,Medium,False,2018-11-02 00:00:00,Active,2026-10-01 02:00:00
SUP000544,ENT009373,Oren Insurance Ltd.,Content Vendors,Philippines,30,Low,False,2024-04-18 00:00:00,Active,2026-10-01 02:00:00
SUP000545,ENT004887,Verion Biotech GmbH,Travel,China,30,Low,False,2024-01-15 00:00:00,Active,2026-10-01 02:00:00
SUP000546,ENT003001,,,India,30,Low,False,2025-06-02 00:00:00,Active,2026-10-01 02:00:00
SUP000547,ENT009288,Wesridge Textiles PLC,IT Services,Philippines,60,Medium,True,2018-01-22 00:00:00,Active,2026-10-01 02:00:00
SUP000548,ENT005744,Isten Finance Pte. Ltd.,Content Vendors,China,15,Medium,False,2014-04-08 00:00:00,Inactive,2026-10-01 02:00:00
SUP000549,ENT003067,Verix Consulting LLC,Professional Services,Philippines,30,Low,False,2016-02-29 00:00:00,Active,2026-10-01 02:00:00
SUP000550,ENT001664,Kellyn Pharma Inc.,Content Vendors,Netherlands,30,Low,False,2024-05-22 00:00:00,Active,2026-10-01 02:00:00
SUP000551,ENT006283,Dorane Robotics S.A.,Travel,Philippines,30,Low,False,2024-11-29 00:00:00,Inactive,2026-10-01 02:00:00
SUP000552,ENT001817,Valix Trading Pte. Ltd.,Travel,Indonesia,60,Low,False,2016-01-01 00:00:00,Active,2026-10-01 02:00:00
SUP000553,ENT008562,Talane Agritech PLC,Content Vendors,Philippines,30,High,False,2017-07-06 00:00:00,Active,2026-10-01 02:00:00
SUP000554,ENT001038,Kelova Systems Inc.,Events Services,India,45,Medium,False,2025-03-21 00:00:00,Blocked,2026-10-01 02:00:00
SUP000555,ENT008865,Valmora Consulting Inc.,Software,India,45,Medium,False,2017-02-17 00:00:00,Blocked,2026-10-01 02:00:00
SUP000556,ENT001082,Halane Partners PLC,Content Vendors,Philippines,60,Low,False,2025-03-04 00:00:00,Active,2026-10-01 02:00:00
SUP000557,ENT001523,Valix Textiles GmbH,Data Providers,Singapore,45,Medium,False,2017-07-28 00:00:00,Active,2026-10-01 02:00:00
SUP000558,ENT002545,Talcrest Trading Pte. Ltd.,Events Services,United Kingdom,30,Low,False,2022-07-21 00:00:00,Active,2026-10-01 02:00:00
SUP000559,ENT000734,Calith Insurance Ltd.,IT Services,Singapore,30,Low,False,2020-08-28 00:00:00,Active,2026-10-01 02:00:00
SUP000560,ENT006344,Norhaven Textiles B.V.,IT Services,India,30,Low,False,2021-09-16 00:00:00,Active,2026-10-01 02:00:00
SUP000561,ENT004652,Taleon Pharma PLC,Facilities,India,30,Low,False,2025-11-11 00:00:00,Active,2026-10-01 02:00:00
SUP000562,ENT006553,Mordale Analytics LLC,IT Services,United States,30,Low,False,2018-08-16 00:00:00,Active,2026-10-01 02:00:00
SUP000563,ENT006884,Galane Trading B.V.,Data Providers,China,30,Low,False,2023-09-02 00:00:00,Active,2026-10-01 02:00:00
SUP000564,ENT006115,Mordale Mining Co.,IT Services,United Kingdom,30,Low,False,25/10/2021,Active,2026-10-01 02:00:00
SUP000565,ENT009115,Morstone Mining Co.,Data Providers,United Kingdom,30,Low,True,2017-08-30 00:00:00,Active,2026-10-01 02:00:00
SUP000566,ENT005880,Arstone Motors Ltd.,Professional Services,Germany,15,Low,False,2020-02-17 00:00:00,Active,2026-11-08 02:00:00
SUP000567,ENT005289,TalvantaR etail Inc.,IT Services,Philippines,15,Medium,False,2021-09-30 00:00:00,Inactive,2026-10-01 02:00:00
SUP000568,ENT008700,Briova Retail S.A.,Travel,United States,30,Low,False,2025-11-25 00:00:00,Active,2026-10-01 02:00:00
SUP000569,ENT001001,Fendale Partners Pte. Ltd.,Travel,Brazil,45,Low,False,2015-02-11 00:00:00,Inactive,2026-10-01 02:00:00
SUP000570,ENT006642,Venstone Biotech Inc.,Software,Singapore,30,Low,False,2025-04-11 00:00:00,Active,2026-10-01 02:00:00
SUP000571,ENT006347,Arvanta Consulting Ltd.,Content Vendors,Netherlands,30,Low,False,2017-04-11 00:00:00,Active,2026-10-01 02:00:00
SUP000572,ENT001213,Venora Capital Inc.,Events Services,United Kingdom,30,Low,False,2019-10-25 00:00:00,Active,2026-10-01 02:00:00
SUP000573,ENT001069,Elaris Logistics Co.,Facilities,Australia,60,Low,False,2023-09-19 00:00:00,Active,2026-10-01 02:00:00
SUP000574,ENT009897,Briion Consulting Inc.,Travel,United Kingdom,30,Low,False,2021-10-05 00:00:00,Active,2026-10-01 02:00:00
SUP000575,ENT006597,Alstone Insurance PLC,Facilities,Singapore,60,Low,False,2020-04-17 00:00:00,Active,2026-10-01 02:00:00
SUP000576,ENT007875,Rosport Biotech K.K.,Content Vendors,India,30,Low,False,2024-06-21 00:00:00,Active,2026-10-01 02:00:00
SUP000577,ENT001215,Belstone Retail Inc.,Travel,Philippines,60,Low,True,2021-12-17 00:00:00,Active,2026-10-01 02:00:00
SUP000578,ENT009024,Talix Packaging S.A.,Events Services,India,30,Low,False,2022-12-26 00:00:00,Active,2026-10-01 02:00:00
SUP000579,ENT005041,Bribrook Packaging B.V.,Content Vendors,India,30,Low,False,2024-03-25 00:00:00,Inactive,2026-10-01 02:00:00
SUP000580,ENT009609,Marport Textiles B.V.,Travel,Philippines,30,Low,False,2023-09-05 00:00:00,Active,2026-10-01 02:00:00
SUP000581,ENT000124,Selgate Finance Ltd.,Content Vendors,United States,30,Low,True,2026-08-22 00:00:00,Active,2026-10-01 02:00:00
SUP000582,ENT008901,Brivale Robotics Pte. Ltd.,Travel,India,30,Low,False,2015-01-01 00:00:00,Active,2026-10-01 02:00:00
SUP000583,ENT002252,Kelmere Motors LLC,Software,China,30,Low,False,2019-08-30 00:00:00,Inactive,2026-10-01 02:00:00
SUP000584,ENT001951,Kelen Mining Inc.,Software,Philippines,30,Low,False,2025-11-03 00:00:00,Active,2026-10-01 02:00:00
SUP000585,ENT004601,Galdell Textiles Co.,Professional Services,Netherlands,30,Low,False,2020-09-23 00:00:00,Inactive,2026-10-01 02:00:00
SUP000586,ENT007189,Verlyn Technologies B.V.,Content Vendors,United States,30,Medium,False,2015-01-20 00:00:00,Active,2026-10-01 02:00:00
SUP000587,ENT008413,Wesdell Logistics K.K.,Professional Services,Japan,15,Medium,False,2015-03-04 00:00:00,Active,2026-10-11 02:00:00
SUP000588,ENT005280,Fenaris Consulting B.V.,Software,Singapore,30,Low,True,2023-11-06 00:00:00,Active,2026-10-01 02:00:00
SUP000589,ENT008421,Rosgate Holdings Corp.,Professional Services,Singapore,30,Low,False,2020-02-03 00:00:00,Active,2026-10-01 02:00:00
SUP000590,ENT005353,Ordell Insurance LLC,Events Services,United States,30,Medium,False,2016-04-08 00:00:00,Active,2026-10-01 02:00:00
SUP000591,ENT004170,Marbrook Industries Co.,Software,Brazil,15,Low,False,2016-08-29 00:00:00,Active,2026-10-01 02:00:00
SUP000592,ENT008722,Pelcrest Pharma K.K.,Facilities,Japan,45,Medium,True,2026-04-02 00:00:00,Active,2026-10-01 02:00:00
SUP000593,ENT004951,Zanora Industries Ltd.,IT Services,Canada,30,Low,False,2025-06-26 00:00:00,Active,2026-10-01 02:00:00
SUP000594,ENT008818,Pellyn Finance Corp.,,United Kingdom,30,Medium,False,2019-01-04 00:00:00,Active,2026-10-01 02:00:00
SUP000595,ENT003000,Moren Pharma Co.,IT Services,Netherlands,30,Low,False,2020-09-07 00:00:00,Active,2026-10-01 02:00:00
SUP000596,ENT008833,Zanwick Trading GmbH,Software,United Kingdom,30,Medium,True,2026-04-20 00:00:00,Active,2026-10-01 02:00:00
SUP000597,ENT009681,Calara Biotech K.K.,IT Services,Philippines,45,Low,False,2024-05-21 00:00:00,Inactive,2026-10-01 02:00:00
SUP000598,ENT001328,  orova agritech gmbh ,IT Services,United States,45,Low,True,2016-10-06 00:00:00,Active,2026-10-01 02:00:00
SUP000599,ENT001152,,Travel,Singapore,30,Low,False,2020-04-16 00:00:00,Inactive,2026-10-01 02:00:00
SUP000600,ENT003010,Vermora Agritech PLC,Data Providers,United Kingdom,30,Low,False,2018-09-20 00:00:00,Active,2026-10-01 02:00:00
SUP000601,ENT009099,Lumport Consulting S.A.,Data Providers,Malaysia,60,Low,True,2018-05-18 00:00:00,Active,2026-10-01 02:00:00
SUP000602,ENT009682,Wesbrook Mining S.A.,Software,United States,30,Low,True,2014-11-25 00:00:00,Active,2026-10-01 02:00:00
SUP000603,ENT007153,Kelvanta Insurance LLC,Professional Services,Philippines,30,Medium,False,2025-06-02 00:00:00,Active,2026-10-01 02:00:00
SUP000604,ENT005749,Dorcrest Robotics K.K.,Professional Services,Philippines,30,Low,False,2024-01-04 00:00:00,Active,2026-10-01 02:00:00
SUP000605,ENT003401,Calen iMning Pte. Ltd.,Software,Malaysia,60,Low,False,2017-05-04 00:00:00,Active,2026-10-01 02:00:00
SUP000606,ENT007167,Rosgate Packaging Co.,Facilities,Philippines,30,Low,False,2021-12-27 00:00:00,Active,2026-10-01 02:00:00
SUP000607,ENT007654,Bristone Motors Global 2 Corp.,Events Services,Australia,45,Low,False,2020-02-07 00:00:00,Active,2026-10-01 02:00:00
SUP000608,ENT006378,Corith Finance Corp.,Facilities,Netherlands,15,Low,False,2015-05-14 00:00:00,Active,2026-10-01 02:00:00
SUP000609,ENT006534,Norvanta Retail Global 2 B.V.,Travel,Malaysia,45,High,False,2024-03-22 00:00:00,Active,2026-10-01 02:00:00
SUP000610,ENT008245,Kelford Agritceh Ltd.,Software,United Kingdom,15,Low,False,2023-10-12 00:00:00,Active,2026-10-01 02:00:00
SUP000611,ENT000622,Orstone Health GmbH,Software,France,30,Low,False,2016-07-15 00:00:00,Active,2026-10-01 02:00:00
SUP000612,ENT001933,Calova Agritech Inc.,Events Services,Japan,30,Low,False,2019-05-15 00:00:00,Active,2026-10-01 02:00:00
SUP000613,ENT000805,Marvale Robotics K.K.,IT Services,United States,30,Low,False,2024-07-22 00:00:00,Active,2026-10-01 02:00:00
SUP000614,ENT009866,Corio nAnalytics K.K.,Software,France,60,Low,False,2025-11-05 00:00:00,Active,2026-10-01 02:00:00
SUP000615,ENT000959,Dormora Holdings PLC,Data Providers,Singapore,30,Medium,False,2014-03-10 00:00:00,Active,2026-10-01 02:00:00
SUP000616,ENT003064,Valbrook Finance Pte. Ltd.,Software,India,30,Low,True,2023-06-29 00:00:00,Active,2026-10-01 02:00:00
SUP000617,ENT003181,Brimora Energy Ltd.,Professional Services,Singapore,60,Low,False,2018-12-21 00:00:00,Active,2026-10-01 02:00:00
SUP000618,ENT009784,Belwick Partners Ltd.,Data Providers,Netherlands,15,Medium,True,2020-12-16 00:00:00,Active,2026-10-01 02:00:00
SUP000619,ENT001246,Norara Insurance GmbH,IT Services,Australia,15,Medium,False,2023-12-09 00:00:00,Active,2026-10-01 02:00:00
SUP000620,ENT009763,Maren Textiles GmbH,Facilities,United States,30,Medium,False,2021-03-29 00:00:00,Inactive,2026-10-01 02:00:00
SUP000621,ENT009970,Zanaris Holdings LLC,IT Services,United States,30,Low,False,2024-10-08 00:00:00,Active,2026-10-01 02:00:00
SUP000622,ENT007549,Vendale Health PLC,Professional Services,United States,30,Low,False,2018-07-23 00:00:00,Inactive,2026-10-01 02:00:00
SUP000623,ENT008056,Istmora Logistics Co.,Software,Australia,30,Low,False,2016-09-16 00:00:00,Active,2026-10-01 02:00:00
SUP000624,ENT006961,Fenen Industries GmbH,IT Services,France,45,Low,True,2020-02-11 00:00:00,Inactive,2026-10-01 02:00:00
SUP000625,ENT002774,Kelmora Capital PLC,Content Vendors,Philippines,60,Low,False,2023-08-07 00:00:00,Active,2026-10-01 02:00:00
SUP000626,ENT004300,Dorcrest Packaging S.A.,IT Services,Canada,60,Low,False,2022-12-31 00:00:00,Active,2026-10-01 02:00:00
SUP000627,ENT006193,Venport Agritech S.A.,Software,Netherlands,60,Low,True,2023-02-10 00:00:00,Inactive,2026-10-01 02:00:00
SUP000628,ENT007265,Arvale Energy Pte. Ltd.,Travel,Indonesia,30,Low,False,2021-02-19 00:00:00,Active,2026-10-01 02:00:00
SUP000629,ENT005597,Vervanta Robotics Co.,Content Vendors,United States,30,Medium,True,2015-11-12 00:00:00,Active,2026-10-01 02:00:00
SUP000630,ENT002682,Dorstone Consulting K.K.,Facilities,Australia,30,Low,False,2021-02-15 00:00:00,Active,2026-10-01 02:00:00
SUP000631,ENT008716,Halport Systems Co.,Events Services,Canada,15,Low,False,2015-05-02 00:00:00,Active,2026-10-01 02:00:00
SUP000632,ENT009482,,Travel,Germany,60,Medium,False,2020-01-02 00:00:00,Active,2026-10-01 02:00:00
SUP000633,ENT001649,Alora Motors Corp.,Facilities,United States,45,Low,False,2019-09-20 00:00:00,Active,2026-10-01 02:00:00
SUP000634,ENT008706,Venport Agritech Pte. Ltd.,Facilities,United Kingdom,15,High,True,2020-09-24 00:00:00,Active,2026-10-01 02:00:00
SUP000635,ENT000939,Peleon Retail S.A.,Professional Services,United States,60,Low,False,2018-10-05 00:00:00,Blocked,2026-10-01 02:00:00
SUP000636,ENT009777,Pelara Capital Corp.,Facilities,Japan,30,Low,False,2026-01-18 00:00:00,Active,2026-10-01 02:00:00
SUP000637,ENT004533,Talstone Analytics Pte. Ltd.,Content Vendors,India,60,Low,False,2026-06-15 00:00:00,Active,2026-10-01 02:00:00
SUP000638,ENT009336,Brihaven Mining Co.,Facilities,India,30,Low,False,2017-10-25 00:00:00,Active,2026-10-01 02:00:00
SUP000639,ENT004091,Verix Finance K.K.,Facilities,UAE,30,Low,False,2021-08-06 00:00:00,Active,2026-10-01 02:00:00
SUP000640,ENT002279,Isteon Finance Co.,Software,Brazil,30,Low,True,2017-10-31 00:00:00,Inactive,2026-10-01 02:00:00
SUP000641,ENT008725,Selcrest Industries Corp.,Software,Germany,30,Low,True,2020-04-02 00:00:00,Active,2026-10-01 02:00:00
SUP000642,ENT003800,Zanith Biotech LLC,Facilities,France,60,Low,False,2019-02-22 00:00:00,Active,2026-10-01 02:00:00
SUP000643,ENT007416,Lumaris Technologies S.A.,Travel,India,30,Low,False,"Dec 01, 2018",Active,2026-10-01 02:00:00
SUP000644,ENT002760,Belvale Biotech LLC,Facilities,Indonesia,30,Low,False,2022-06-30 00:00:00,Active,2026-10-01 02:00:00
SUP000645,ENT006754,Morith Pharma Corp.,IT Services,United States,30,Low,False,2017-11-27 00:00:00,Active,2026-10-01 02:00:00
SUP000646,ENT005929,Zanara Energy GmbH,Data Providers,United Kingdom,30,Low,False,2017-04-09 00:00:00,Active,2026-10-01 02:00:00
SUP000647,ENT000563,Isten Logistics Corp.,Events Services,Germany,15,Low,False,2019-03-20 00:00:00,Active,2026-10-01 02:00:00
SUP000648,ENT001684,Briport Textiles PLC,Facilities,United States,30,Low,False,2015-12-15 00:00:00,Active,2026-10-01 02:00:00
SUP000649,ENT004616,Selridge Partners Co.,Content Vendors,India,30,Low,False,2020-06-08 00:00:00,Active,2026-10-01 02:00:00
SUP000650,ENT008911,Talstone Technologies S.A.,IT Services,Germany,30,Medium,False,2015-06-09 00:00:00,Active,2026-10-01 02:00:00
SUP000651,ENT005344,Kelridge Textiles K.K.,IT Services,Australia,15,Medium,False,2026-06-09 00:00:00,Active,2026-10-01 02:00:00
SUP000652,ENT004749,Eldale Media B.V.,IT Services,United Kingdom,30,High,False,2025-05-22 00:00:00,Active,2026-10-01 02:00:00
SUP000653,ENT009270,Marcrest Capital Corp.,Software,China,30,Low,False,2026-08-31 00:00:00,Active,2026-10-01 02:00:00
SUP000654,ENT005509,Fendale Consulting Pte. Ltd.,Facilities,India,30,Low,False,2024-02-21 00:00:00,Active,2026-10-01 02:00:00
SUP000655,ENT006130,Fenion Foods Pte. Ltd.,Professional Services,United States,30,Low,True,2016-08-25 00:00:00,Inactive,2026-10-01 02:00:00
SUP000656,ENT000302,Venwick Analytics Ltd.,Professional Services,South Africa,45,Medium,False,2016-02-16 00:00:00,Active,2026-10-01 02:00:00
SUP000657,ENT001476,Corgate Partners B.V.,IT Services,United Kingdom,45,Low,True,2024-11-27 00:00:00,Active,2026-10-01 02:00:00
SUP000658,ENT009946,Istova Foods K.K.,IT Services,Philippines,30,Low,True,2018-03-05 00:00:00,Active,2026-10-01 02:00:00
SUP000659,ENT003298,Arford Consulting LLC,Content Vendors,Japan,30,Low,True,2020-05-28 00:00:00,Active,2026-10-01 02:00:00
SUP000660,ENT000895,Dordell Technologies Ltd.,Professional Services,China,30,Low,True,2015-08-21 00:00:00,Inactive,2026-10-01 02:00:00
SUP000661,ENT009920,Quindell Labs S.A.,Events Services,Canada,30,Low,False,2023-05-12 00:00:00,Active,2026-10-01 02:00:00
SUP000662,ENT002693,Belbrook Consulting GmbH,Professional Services,Malaysia,45,Low,False,2025-04-24 00:00:00,Active,2026-10-01 02:00:00
SUP000663,ENT009572,Venaris Textiles Co.,Content Vendors,Philippines,30,Low,False,2020-06-26 00:00:00,Blocked,2026-10-01 02:00:00
SUP000664,ENT000450,Marlyn Analytics Corp.,Data Providers,Canada,30,High,False,2026-04-17 00:00:00,Active,2026-10-01 02:00:00
SUP000665,ENT001268,Morcrest Systems K.K.,IT Services,Germany,30,Low,False,2023-06-09 00:00:00,Active,2026-10-01 02:00:00
SUP000666,ENT005778,Lumaris Industries K.K.,Professional Services,Netherlands,60,Low,False,2022-03-30 00:00:00,Active,2026-10-01 02:00:00
SUP000667,ENT006909,Roshaven Systems Inc.,Software,China,30,Low,True,2026-01-21 00:00:00,Active,2026-10-01 02:00:00
SUP000668,ENT003814,Marwick Labs Inc.,Content Vendors,Philippines,60,Low,False,2022-12-16 00:00:00,Active,2026-10-01 02:00:00
SUP000669,ENT008255,Rosgate Trading B.V.,Facilities,Indonesia,30,Low,False,2024-03-11 00:00:00,Active,2026-10-01 02:00:00
SUP000670,ENT007272,Istridge Energy Ltd.,Software,United States,30,Low,True,2024-07-15 00:00:00,Active,2026-10-01 02:00:00
SUP000671,ENT001123,MAREN PACKAGING PTE. LTD.,Software,Indonesia,45,Low,False,2022-11-24 00:00:00,Active,2026-10-01 02:00:00
SUP000672,ENT002553,Quinvale Consulting GmbH,Facilities,France,15,Low,True,2020-05-18 00:00:00,Inactive,2026-10-01 02:00:00
SUP000673,ENT001375,Rosion Biotech LLC,Data Providers,Singapore,30,Low,False,2026-01-27 00:00:00,Inactive,2026-10-01 02:00:00
SUP000674,ENT001311,Marion Foods Pte. Ltd.,Professional Services,United States,60,Low,False,2015-10-02 00:00:00,Active,2026-10-01 02:00:00
SUP000675,ENT009473,Halbrook Robotics Ltd.,Travel,UAE,60,Low,False,2022-04-13 00:00:00,Active,2026-10-01 02:00:00
SUP000676,ENT009025,Valhaven Labs GmbH,Events Services,South Africa,60,Low,True,2021-12-01 00:00:00,Active,2026-10-01 02:00:00
SUP000677,ENT007264,Istvanta Health LLC,Facilities,Netherlands,30,Low,False,2021-10-13 00:00:00,Active,2026-10-01 02:00:00
SUP000678,ENT000333,Torlyn Health K.K.,IT Services,United Kingdom,30,Low,False,2023-05-31 00:00:00,Active,2026-10-01 02:00:00
SUP000679,ENT008020,Ulane Robotics K.K.,IT Services,Singapore,30,Low,False,2021-10-27 00:00:00,Inactive,2026-10-01 02:00:00
SUP000680,ENT005062,Lumara Insurance Co.,Professional Services,United Kingdom,45,Low,True,2016-01-15 00:00:00,Inactive,2026-10-01 02:00:00
SUP000681,ENT002350,Valhaven Holdings S.A.,Travel,United States,30,High,False,2017-03-03 00:00:00,Active,2026-10-01 02:00:00
SUP000682,ENT004868,Eldell Analytics GmbH,Facilities,France,15,Medium,False,2015-02-11 00:00:00,Active,2026-10-01 02:00:00
SUP000683,ENT002362,Lummora Analytics B.V.,Content Vendors,UAE,30,Medium,False,2017-03-22 00:00:00,Active,2026-10-01 02:00:00
SUP000684,ENT006805,Lumith Industries Pte. Ltd.,Facilities,United States,60,Low,False,2021-03-26 00:00:00,Active,2026-10-01 02:00:00
SUP000685,ENT008727,Iststone Media LLC,Travel,United Kingdom,30,Medium,False,2019-07-08 00:00:00,Active,2026-10-01 02:00:00
SUP000686,ENT007469,Galgate Textiles PLC,Events Services,Japan,15,Low,False,17/04/2015,Active,2026-10-01 02:00:00
SUP000687,ENT007930,Toraris Textiles PLC,Events Services,India,30,Low,False,2016-01-22 00:00:00,Active,2026-10-01 02:00:00
SUP000688,ENT004653,Kelport Systems Co.,Content Vendors,United States,30,Medium,False,2020-05-08 00:00:00,Inactive,2026-10-01 02:00:00
SUP000689,ENT002689,Dordell Capital S.A.,Content Vendors,India,30,Low,False,2023-09-08 00:00:00,Active,2026-10-01 02:00:00
SUP000690,ENT003884,Eldell Logistics Global 2 Co.,Software,Japan,15,Low,False,2023-05-10 00:00:00,Active,2026-10-01 02:00:00
SUP000691,ENT009671,Morith Industries PLC,Professional Services,India,30,Medium,False,2026-01-29 00:00:00,Active,2026-10-01 02:00:00
SUP000692,ENT008328,Ulen Holdings Corp.,Events Services,Philippines,30,Low,True,2015-07-29 00:00:00,Active,2026-10-01 02:00:00
SUP000693,ENT009114,Ulion Energy B.V.,Facilities,United Kingdom,30,Medium,True,2024-07-08 00:00:00,Blocked,2026-10-01 02:00:00
SUP000694,ENT005605,Fenstone Systems Pte. Ltd.,Events Services,United States,30,Low,False,2019-11-18 00:00:00,Active,2026-10-01 02:00:00
SUP000695,ENT001312,Galstone Consulting Inc.,Software,Philippines,30,Medium,False,2015-01-30 00:00:00,Inactive,2026-10-01 02:00:00
SUP000696,ENT004058,Calvanta Health Corp.,Data Providers,United Kingdom,30,Medium,True,2015-04-15 00:00:00,Blocked,2026-10-01 02:00:00
SUP000697,ENT005267,Verara Consulting S.A.,IT Services,United States,30,Low,True,2016-10-10 00:00:00,Active,2026-10-01 02:00:00
SUP000698,ENT005032,Torlyn Technologies Co.,Events Services,India,45,Low,False,2015-07-28 00:00:00,Active,2026-10-01 02:00:00
SUP000699,ENT006795,Taleon Agritech LLC,,Philippines,60,Medium,False,2025-04-17 00:00:00,Active,2026-10-01 02:00:00
SUP000700,ENT005469,Corwick Labs K.K.,Facilities,Vietnam,30,Low,False,2018-06-13 00:00:00,Active,2026-10-01 02:00:00
SUP000701,ENT000499,Ulvale Systems LLC,,United States,15,High,False,2020-08-10 00:00:00,Active,2026-10-01 02:00:00
SUP000702,ENT003913,Elvanta Retail Inc.,Facilities,France,30,Medium,True,2015-10-06 00:00:00,Active,2026-10-01 02:00:00
SUP000703,ENT004235,Morova Motors GmbH,Facilities,Germany,30,Low,False,2025-03-12 00:00:00,Active,2026-10-01 02:00:00
SUP000704,ENT000800,Dorcrest Capital K.K.,Content Vendors,Malaysia,30,Low,True,2014-06-26 00:00:00,Active,2026-10-01 02:00:00
SUP000705,ENT004398,Zanane Logistics Co.,IT Services,Philippines,45,Low,False,2017-01-31 00:00:00,Active,2026-10-01 02:00:00
SUP000706,ENT000475,Brieon Agritech PLC,Professional Services,United States,45,Low,False,2018-01-26 00:00:00,Active,2026-10-01 02:00:00
SUP000707,ENT001783,Arova Technologies Pte. Ltd.,Facilities,Philippines,30,Low,False,2022-09-26 00:00:00,Active,2026-10-01 02:00:00
SUP000708,ENT009396,Pelgate Mining Pte. Ltd.,Events Services,Vietnam,30,Low,False,2021-03-05 00:00:00,Active,2026-10-01 02:00:00
SUP000709,ENT005903,Quinford Logistics Co.,Professional Services,China,60,Low,False,2018-06-06 00:00:00,Inactive,2026-10-01 02:00:00
SUP000710,ENT007408,Marion Health S.A.,IT Services,United Kingdom,30,Low,False,2021-05-31 00:00:00,Active,2026-10-01 02:00:00
SUP000711,ENT005429,,Software,Australia,30,Low,False,2020-01-01 00:00:00,Active,2026-10-01 02:00:00
SUP000712,ENT005188,Norgate Analytics Ltd.,Events Services,Philippines,30,High,True,2023-02-23 00:00:00,Blocked,2026-10-01 02:00:00
SUP000713,ENT002827,Morith Motors Co.,Travel,Germany,30,Low,False,2025-10-07 00:00:00,Active,2026-10-01 02:00:00
SUP000714,ENT007925,Norara Logistics K.K.,Events Services,Singapore,60,Low,False,2014-07-28 00:00:00,Active,2026-10-01 02:00:00
SUP000715,ENT006579,Marstone Technologies B.V.,IT Services,Germany,30,Low,False,2025-10-07 00:00:00,Active,2026-10-01 02:00:00
SUP000716,ENT000491,Talaris Logistics B.V.,Data Providers,France,30,Low,False,2018-03-20 00:00:00,Active,2026-10-01 02:00:00
SUP000717,ENT006843,Verlyn Biotech Pte. Ltd.,Content Vendors,Australia,30,Low,True,2018-02-19 00:00:00,Inactive,2026-10-01 02:00:00
SUP000718,ENT005392,Alwick Foods B.V.,Data Providers,Philippines,60,Medium,False,2015-08-03 00:00:00,Active,2026-10-01 02:00:00
SUP000719,ENT008385,Orhaven Agritech Inc.,Software,United States,30,Medium,False,2021-01-08 00:00:00,Active,2026-10-01 02:00:00
SUP000720,ENT005050,Lumix Labs Ltd.,Professional Services,Brazil,30,Medium,False,2016-05-09 00:00:00,Active,2026-10-01 02:00:00
SUP000721,ENT002101,Halion Energy Corp.,Events Services,Philippines,60,Medium,True,2023-09-08 00:00:00,Active,2026-10-01 02:00:00
SUP000722,ENT006430,Verport Insurance Inc.,Professional Services,Vietnam,45,Medium,False,08/06/2026,Active,2026-10-01 02:00:00
SUP000723,ENT004075,Istmora Energy Pte. Ltd.,IT Services,India,60,Low,False,2022-06-24 00:00:00,Inactive,2026-10-01 02:00:00
SUP000724,ENT006544,Halix Logistics LLC,Data Providers,Canada,30,High,False,2017-11-24 00:00:00,Active,2026-10-01 02:00:00
SUP000725,ENT005335,  none ,Data Providers,Philippines,30,Low,True,2023-10-27 00:00:00,Active,2026-10-01 02:00:00
SUP000726,ENT006254,Dorora Motors GmbH,Software,United States,30,Low,False,2016-08-08 00:00:00,Active,2026-10-01 02:00:00
SUP000727,ENT009576,Torova Motors S.A.,Professional Services,China,45,Low,False,"Jul 01, 2014",Active,2026-10-01 02:00:00
SUP000728,ENT006103,Ulhaven Logistics K.K.,,Netherlands,30,Medium,True,2017-08-11 00:00:00,Active,2026-10-01 02:00:00
SUP000729,ENT008820,Fenmere Labs Pte. Ltd.,IT Services,France,15,Medium,False,2024-01-05 00:00:00,Active,2026-10-01 02:00:00
SUP000730,ENT005162,Mordell Insurance Pte. Ltd.,IT Services,Philippines,30,Medium,False,2021-02-12 00:00:00,Active,2026-10-01 02:00:00
SUP000731,ENT007675,Haeln Media Corp.,Events Services,United Kingdom,60,Low,False,2020-05-21 00:00:00,Active,2026-10-01 02:00:00
SUP000732,ENT007683,Almora Motors K.K.,Software,Singapore,30,Low,False,2014-10-16 00:00:00,Active,2026-10-01 02:00:00
SUP000733,ENT009990,Rosith Finance Global 2 GmbH,Travel,Malaysia,15,Low,False,2019-01-02 00:00:00,Active,2026-10-01 02:00:00
SUP000734,ENT009304,Isteon Energy S.A.,IT Services,Philippines,60,High,False,2019-05-02 00:00:00,Active,2026-10-01 02:00:00
SUP000735,ENT004991,Noraris Motors GmbH,Professional Services,Australia,30,Low,True,2017-02-28 00:00:00,Active,2026-10-01 02:00:00
SUP000736,ENT006259,Zancrest Finance LLC,Facilities,United Kingdom,30,Low,False,"Feb 02, 2018",Active,2026-10-01 02:00:00
SUP000737,ENT009086,Quinstone Health Corp.,Content Vendors,India,30,Low,False,2025-03-27 00:00:00,Active,2026-10-01 02:00:00
SUP000738,ENT006989,Quinora Health Ltd.,IT Services,Philippines,30,Medium,False,2015-08-05 00:00:00,Active,2026-10-01 02:00:00
SUP000739,ENT009068,Corvale Holdings Global 2 Corp.,Content Vendors,South Africa,45,Low,False,2021-07-09 00:00:00,Active,2026-10-01 02:00:00
SUP000740,ENT002543,Rosen Finance LLC,Content Vendors,United States,60,Low,False,2019-10-21 00:00:00,Active,2026-10-01 02:00:00
SUP000741,ENT000358,Venora Consulting Corp.,IT Services,United Kingdom,60,Low,True,2025-11-03 00:00:00,Active,2026-10-01 02:00:00
SUP000742,ENT003446,Veneon Technologies Pte. Ltd.,Data Providers,United States,60,Medium,False,2026-04-27 00:00:00,Active,2026-10-01 02:00:00
SUP000743,ENT008250,Selgate Energy Pte. Ltd.,Facilities,Singapore,30,Low,False,2017-02-28 00:00:00,Active,2026-10-01 02:00:00
SUP000744,ENT001797,Beleon Robotics GmbH,Professional Services,Malaysia,45,Medium,False,2022-10-11 00:00:00,Active,2026-10-01 02:00:00
SUP000745,ENT002345,Armora Pharma GmbH,IT Services,UAE,30,Medium,False,2023-06-28 00:00:00,Active,2026-10-01 02:00:00
SUP000746,ENT007434,Alford Analytics GmbH,IT Services,South Africa,45,Medium,True,2024-07-30 00:00:00,Active,2026-10-01 02:00:00
SUP000747,ENT009770,Marcrest Health LLC,Content Vendors,Isle of Calder (fictional),30,Low,False,2023-12-29 00:00:00,Active,2026-10-01 02:00:00
SUP000748,ENT007890,Bristone Logistics LLC,Facilities,Germany,60,Low,False,2019-05-03 00:00:00,Active,2026-10-01 02:00:00
SUP000749,ENT006212,Zanara Robotics LLC,,United States,30,Low,False,2023-09-28 00:00:00,Active,2026-10-01 02:00:00
SUP000750,ENT008739,Ulion Insurance K.K.,Professional Services,Vietnam,60,Low,False,2018-12-14 00:00:00,Active,2026-10-01 02:00:00
SUP000751,ENT007585,Venane Systems Pte. Ltd.,Professional Services,China,60,Low,True,2020-04-10 00:00:00,Active,2026-10-01 02:00:00
SUP000752,ENT005052,Tormere Logistics Inc.,Content Vendors,Philippines,30,Low,True,2021-08-09 00:00:00,Active,2026-10-01 02:00:00
SUP000753,ENT000675,Valara Mining K.K.,Facilities,Philippines,60,Low,False,2026-08-20 00:00:00,Active,2026-10-01 02:00:00
SUP000754,ENT007216,Kelhaven Packaging B.V.,Professional Services,Germany,45,Medium,False,2023-04-21 00:00:00,Inactive,2026-10-01 02:00:00
SUP000755,ENT006253,Alport Textiles S.A.,Content Vendors,Philippines,30,Low,False,2021-06-21 00:00:00,Active,2026-10-01 02:00:00
SUP000756,ENT005672,Corora Industries Global 2 Co.,Software,Philippines,30,Medium,False,03/06/2020,Active,2026-10-01 02:00:00
SUP000757,ENT003826,Lumara Trading PLC,Data Providers,Philippines,30,Medium,False,2016-12-09 00:00:00,Active,2026-10-01 02:00:00
SUP000758,ENT006628,Zandale Energy Pte. Ltd.,IT Services,Germany,60,Low,True,2016-06-10 00:00:00,Active,2026-10-01 02:00:00
SUP000759,ENT008536,Kelix Agritech Co.,Professional Services,Singapore,30,Low,False,2017-05-15 00:00:00,Active,2026-10-01 02:00:00
SUP000760,ENT000478,Ulara Biotech S.A.,IT Services,Japan,30,Medium,False,2015-05-29 00:00:00,Active,2026-10-01 02:00:00
SUP000761,ENT009847,Valport Biotech Global 2 PLC,Data Providers,Singapore,30,Low,False,2025-04-28 00:00:00,Active,2026-10-01 02:00:00
SUP000762,ENT009238,Calen Retail S.A.,Travel,Australia,45,High,True,2024-09-06 00:00:00,Active,2026-10-01 02:00:00
SUP000763,ENT004999,Roswick Labs S.A.,Professional Services,Japan,30,Medium,True,15/12/2017,Inactive,2026-10-01 02:00:00
SUP000764,ENT000074,Ulova Media Ltd.,Professional Services,Philippines,30,Low,False,2022-06-20 00:00:00,Active,2026-10-01 02:00:00
SUP000765,ENT005827,Morvanta ConsultingI nc.,Data Providers,Germany,45,Low,False,2022-04-01 00:00:00,Active,2026-10-01 02:00:00
SUP000766,ENT004962,Torstone Health Ltd.,Travel,United Kingdom,15,Low,False,2022-08-18 00:00:00,Active,2026-10-01 02:00:00
SUP000767,ENT000445,Weshaven Energy LLC,Data Providers,Vietnam,60,High,False,2014-07-24 00:00:00,Active,2026-10-01 02:00:00
SUP000768,ENT001950,Almere Mining S.A.,IT Services,India,30,Medium,False,2014-12-22 00:00:00,Active,2026-10-01 02:00:00
SUP000769,ENT003728,Tordale Capital GmbH,Data Providers,United Kingdom,60,Medium,False,2021-05-20 00:00:00,Active,2026-10-01 02:00:00
SUP000770,ENT000156,Istlyn Finance Pte. Ltd.,Content Vendors,Isle of Calder (fictional),15,Medium,False,2023-06-05 00:00:00,Active,2026-10-01 02:00:00
SUP000771,ENT005629,Tallyn Consulting Global 2 S.A.,Data Providers,United States,30,Low,False,2020-04-27 00:00:00,Active,2026-10-01 02:00:00
SUP000772,ENT009379,Briford Industries Pte. Ltd.,Facilities,India,30,High,False,2014-04-03 00:00:00,Active,2026-10-01 02:00:00
SUP000773,ENT008549,Fenion Media K.K.,Travel,United States,45,Low,True,2019-02-22 00:00:00,Active,2026-10-01 02:00:00
SUP000774,ENT000564,Maren Retail GmbH,Events Services,United States,30,Low,True,2014-04-23 00:00:00,Active,2026-10-01 02:00:00
SUP000775,ENT007881,Fenova Technologies Corp.,Content Vendors,Philippines,15,Low,False,2022-05-05 00:00:00,Active,2026-10-01 02:00:00
SUP000776,ENT008370,Fenvale Consulting B.V.,Events Services,Germany,45,Low,True,2014-06-16 00:00:00,Active,2026-10-01 02:00:00
SUP000777,ENT002772,Orlyn Robotics Co.,Travel,Japan,15,Low,False,2018-05-08 00:00:00,Active,2026-10-01 02:00:00
SUP000778,ENT001683,Wesara Mining PLC,Content Vendors,United Kingdom,45,Low,False,2019-06-06 00:00:00,Inactive,2026-10-01 02:00:00
SUP000779,ENT008729,Talridge Packaging S.A.,Content Vendors,Philippines,60,Low,False,2022-05-10 00:00:00,Active,2026-10-01 02:00:00
SUP000780,ENT004382,Tallyn Consulting S.A.,Events Services,United States,30,Low,False,2023-02-07 00:00:00,Active,2026-10-01 02:00:00
SUP000781,ENT009859,Verora Finance S.A.,Software,Port Varos Free Zone (fictional),30,Medium,False,2015-02-20 00:00:00,Active,2026-10-01 02:00:00
SUP000782,ENT001382,Ardale Consulting Inc.,Content Vendors,United States,60,Medium,True,21/04/2023,Active,2026-10-01 02:00:00
SUP000783,ENT007498,Ulvale Consulting GmbH,Events Services,India,30,Low,False,2020-04-28 00:00:00,Active,2026-10-01 02:00:00
SUP000784,ENT009705,Orgate Systems LLC,Events Services,United States,30,Low,True,2017-01-11 00:00:00,Active,2026-10-01 02:00:00
SUP000785,ENT000033,Tallyn Retail Pte. Ltd.,Facilities,Vietnam,60,Medium,False,2026-06-01 00:00:00,Active,2026-10-01 02:00:00
SUP000786,ENT002003,Brieon Finance Ltd.,Events Services,Australia,30,Low,False,2017-08-02 00:00:00,Active,2026-10-01 02:00:00
SUP000787,ENT005250,Torith Capital Corp.,Travel,Brazil,30,Low,True,2023-06-21 00:00:00,Active,2026-10-01 02:00:00
SUP000788,ENT002924,Belmora Energy GmbH,Content Vendors,France,60,Low,True,2023-08-30 00:00:00,Inactive,2026-10-01 02:00:00
SUP000789,ENT009775,Peldell Labs Corp.,Content Vendors,India,60,Medium,False,2017-02-03 00:00:00,Active,2026-10-01 02:00:00
SUP000790,ENT000262,Armere Motors GmbH,Software,United States,30,Low,False,2019-08-16 00:00:00,Inactive,2026-10-01 02:00:00
SUP000791,ENT008104,Lumlyn Mining B.V.,Software,Philippines,30,Low,False,2022-12-21 00:00:00,Active,2026-10-01 02:00:00
SUP000792,ENT004771,Alion Media Inc.,Facilities,United Kingdom,15,Low,False,2024-03-26 00:00:00,Active,2026-10-01 02:00:00
SUP000793,ENT008122,Halstone Logistics B.V.,IT Services,Japan,30,Low,False,2016-04-18 00:00:00,Active,2026-10-01 02:00:00
SUP000794,ENT009978,Valith Energy LLC,Content Vendors,France,60,Low,True,2014-11-07 00:00:00,Active,2026-10-01 02:00:00
SUP000795,ENT005261,Taldell Textiles GmbH,Facilities,United Kingdom,15,Low,False,2026-08-12 00:00:00,Active,2026-10-01 02:00:00
SUP000796,ENT002083,Algate Energy GmbH,Content Vendors,United States,60,Low,False,2023-08-25 00:00:00,Active,2026-10-01 02:00:00
SUP000797,ENT005448,Zanmora Insurance Inc.,Professional Services,Philippines,15,Low,False,2023-01-11 00:00:00,Active,2026-10-01 02:00:00
SUP000798,ENT004487,Cormora Health Corp.,Professional Services,UAE,30,Low,True,2022-10-30 00:00:00,Active,2026-10-01 02:00:00
SUP000799,ENT004990,Norlyn Health K.K.,Professional Services,United States,60,Medium,False,2025-08-25 00:00:00,Active,2026-10-01 02:00:00
SUP000800,ENT009327,Verridge Media B.V.,Content Vendors,China,30,Medium,False,2020-02-26 00:00:00,Active,2026-10-01 02:00:00
SUP000801,ENT003252,Arvanta Holdings GmbH,Travel,United Kingdom,60,Low,False,2021-02-17 00:00:00,Active,2026-10-01 02:00:00
SUP000802,ENT000619,,Professional Services,Philippines,30,Low,False,2024-04-29 00:00:00,Active,2026-10-01 02:00:00
SUP000803,ENT003399,Lumwick Foods LLC,Software,Philippines,15,Low,True,2025-04-15 00:00:00,Active,2026-10-01 02:00:00
SUP000804,ENT009091,Elix Systems S.A.,IT Services,India,30,Low,False,2018-12-10 00:00:00,Active,2026-10-01 02:00:00
SUP000805,ENT000444,Wesstone Mining Inc.,Travel,United Kingdom,15,Low,True,2021-06-22 00:00:00,Active,2026-10-01 02:00:00
SUP000806,ENT002907,Halova Retail Inc.,Events Services,Brazil,15,Medium,False,2023-05-05 00:00:00,Inactive,2026-10-01 02:00:00
SUP000807,ENT003716,Ulova Packaging Corp.,Software,China,30,Low,True,2022-01-18 00:00:00,Active,2026-10-01 02:00:00
SUP000808,ENT005808,Cordale Biotech Ltd.,Travel,United Kingdom,30,Medium,False,2021-08-18 00:00:00,Active,2026-10-01 02:00:00
SUP000809,ENT000120,Rosdell Motors Co.,Content Vendors,Australia,30,Low,False,2016-01-07 00:00:00,Active,2026-10-01 02:00:00
SUP000810,ENT005200,Galith Energy Co.,Facilities,Japan,45,Low,False,2017-05-22 00:00:00,Active,2026-10-01 02:00:00
SUP000811,ENT004597,Fenion Trading B.V.,Data Providers,United States,30,Low,False,2020-05-19 00:00:00,Active,2026-10-01 02:00:00
SUP000812,ENT003715,Vallyn Labs Corp.,Travel,United Kingdom,45,Low,False,2025-08-04 00:00:00,Active,2026-10-01 02:00:00
SUP000813,ENT008438,Alhaven Holdings LLC,Professional Services,Indonesia,30,Low,False,2022-05-31 00:00:00,Active,2026-10-01 02:00:00
SUP000814,ENT001043,Talen Partners Inc.,Content Vendors,Japan,30,Low,True,2019-03-07 00:00:00,Blocked,2026-10-01 02:00:00
SUP000815,ENT004994,Istlyn Motors Inc.,IT Services,Philippines,30,Low,False,2016-04-12 00:00:00,Active,2026-10-01 02:00:00
SUP000816,ENT005333,Maren Mining S.A.,Professional Services,South Africa,45,Low,False,2026-08-28 00:00:00,Active,2026-10-01 02:00:00
SUP000817,ENT006204,Valdale Health Inc.,Content Vendors,India,30,Low,False,26/06/2018,Active,2026-10-01 02:00:00
SUP000818,ENT005066,Keldale Health Ltd.,Facilities,China,30,Medium,False,2024-11-27 00:00:00,Active,2026-10-01 02:00:00
SUP000819,ENT003346,Alaris Pharma Pte. Ltd.,Events Services,Germany,45,Low,False,2021-02-15 00:00:00,Active,2026-10-01 02:00:00
SUP000820,ENT009180,Belmora Mining Ltd.,Events Services,Japan,30,Medium,False,2015-12-23 00:00:00,Active,2026-10-01 02:00:00
SUP000821,ENT009479,Belcrest Textiles GmbH,IT Services,Brazil,30,Medium,True,2022-12-02 00:00:00,Active,2026-10-01 02:00:00
SUP000822,ENT003109,Orora Motors LLC,Facilities,Indonesia,30,Low,False,2019-12-23 00:00:00,Active,2026-10-01 02:00:00
SUP000823,ENT009726,Kelion Energy Pte. Ltd.,Travel,Germany,15,Low,True,2018-03-19 00:00:00,Active,2026-10-01 02:00:00
SUP000824,ENT004542,Ulvanta Capital Ltd.,,Netherlands,45,Low,False,2017-05-07 00:00:00,Active,2026-10-01 02:00:00
SUP000825,ENT000360,Zandale Logistics GmbH,Software,Germany,30,Low,True,2017-01-16 00:00:00,Active,2026-10-01 02:00:00
SUP000826,ENT008644,Ulara Agritech B.V.,Content Vendors,Australia,45,Medium,False,2016-09-01 00:00:00,Active,2026-10-01 02:00:00
SUP000827,ENT006046,Selara Motors K.K.,IT Services,Isle of Calder (fictional),45,Medium,True,2016-11-21 00:00:00,Active,2026-10-01 02:00:00
SUP000828,ENT009477,Almora Finance LLC,Travel,India,60,Low,False,2020-12-11 00:00:00,Active,2026-10-01 02:00:00
SUP000829,ENT003391,Fenara Holdings Inc.,IT Services,France,15,Low,False,2023-07-10 00:00:00,Active,2026-10-01 02:00:00
SUP000830,ENT006098,Mardell Packaging S.A.,Facilities,Philippines,45,Low,False,26/12/2024,Active,2026-10-01 02:00:00
SUP000831,ENT009269,Talgate Holdings Pte. Ltd.,Professional Services,Brazil,30,Low,False,2021-12-22 00:00:00,Active,2026-10-01 02:00:00
SUP000832,ENT008730,Venhaven Motors Inc.,Software,Philippines,30,Low,True,2026-03-18 00:00:00,Active,2026-10-01 02:00:00
SUP000833,ENT001150,Vendale Pharma PLC,Events Services,United States,15,Low,True,2019-10-26 00:00:00,Active,2026-10-01 02:00:00
SUP000834,ENT005148,Calvale Capital PLC,IT Services,Philippines,30,High,False,2014-05-09 00:00:00,Active,2026-10-01 02:00:00
SUP000835,ENT003500,Valvale Mining PLC,Software,Vietnam,30,Low,False,2021-09-02 00:00:00,Active,2026-10-01 02:00:00
SUP000836,ENT000554,Vengate Insurance GmbH,Travel,Brazil,60,Low,False,2024-10-25 00:00:00,Active,2026-10-01 02:00:00
SUP000837,ENT001032,Marion Industries Co.,Facilities,United States,60,Medium,False,2021-09-21 00:00:00,Active,2026-10-01 02:00:00
SUP000838,ENT009069,Galith Partners Ltd.,IT Services,Netherlands,15,Low,False,2016-01-21 00:00:00,Active,2026-10-01 02:00:00
SUP000839,ENT003255,Alvale Pharma Pte. Ltd.,Content Vendors,Philippines,30,Low,False,2026-02-12 00:00:00,Active,2026-10-01 02:00:00
SUP000840,ENT005484,Elcrest Agritech Corp.,IT Services,France,60,Low,False,2020-05-08 00:00:00,Active,2026-10-01 02:00:00
SUP000841,ENT001187,Tormere Finance GmbH,Travel,Vietnam,30,Low,False,2020-09-26 00:00:00,Active,2026-10-01 02:00:00
SUP000842,ENT002824,Marridge Trading PLC,Facilities,South Africa,30,Low,False,2017-01-02 00:00:00,Active,2026-10-01 02:00:00
SUP000843,ENT006459,Quinaris Analytics Corp.,Data Providers,Vietnam,45,Medium,False,2025-10-11 00:00:00,Active,2026-10-01 02:00:00
SUP000844,ENT002643,Kelith Packaging Co.,Travel,India,60,Medium,False,2021-01-26 00:00:00,Active,2026-10-01 02:00:00
SUP000845,ENT004359,Alford Finance Co.,Content Vendors,United States,60,Low,False,2025-09-05 00:00:00,Active,2026-10-01 02:00:00
SUP000846,ENT004183,Hallyn Motors Co.,Content Vendors,Canada,30,Low,True,2022-07-21 00:00:00,Active,2026-10-01 02:00:00
SUP000847,ENT003932,Alhaven Capital Co.,IT Services,United States,60,Medium,False,2015-12-22 00:00:00,Active,2026-10-01 02:00:00
SUP000848,ENT006509,Wesaris Retail GmbH,Software,Germany,60,Medium,False,2025-12-19 00:00:00,Active,2026-10-01 02:00:00
SUP000849,ENT009098,Corora Packaging K.K.,,India,30,Low,False,2025-10-10 00:00:00,Active,2026-10-01 02:00:00
SUP000850,ENT007732,Galith Systems Ltd.,Travel,Japan,30,Low,False,2025-01-30 00:00:00,Active,2026-10-01 02:00:00
SUP000851,ENT006020,Pelmere Industries Global 2 Corp.,Software,Indonesia,60,Low,False,2018-12-14 00:00:00,Active,2026-10-01 02:00:00
SUP000852,ENT000228,Vermere Finance K.K.,Events Services,Vietnam,30,Low,False,"Sep 06, 2017",Active,2026-10-01 02:00:00
SUP000853,ENT008367,Mordale Agritech Co.,Travel,UAE,30,Low,False,2017-01-16 00:00:00,Active,2026-10-01 02:00:00
SUP000854,ENT002648,Mararis Partners Co.,IT Services,India,15,Medium,True,"Mar 14, 2014",Active,2026-10-01 02:00:00
SUP000855,ENT004829,Roscrest Foods LLC,Professional Services,United Kingdom,30,Low,False,2018-02-19 00:00:00,Active,2026-10-01 02:00:00
SUP000856,ENT002395,Galeon Mining Ltd.,Travel,China,30,Low,False,08/05/2015,Active,2026-10-01 02:00:00
SUP000857,ENT005362,Norara Foods Ltd.,Professional Services,Philippines,30,Low,False,13/09/2024,Active,2026-10-01 02:00:00
SUP000858,ENT002054,Orara Robotics Inc.,IT Services,UAE,30,Low,False,2024-01-17 00:00:00,Inactive,2026-10-01 02:00:00
SUP000859,ENT008343,Mardale Mining S.A.,Professional Services,France,30,Medium,False,2021-04-02 00:00:00,Active,2026-10-01 02:00:00
SUP000860,ENT008826,Fenbrook Packaging S.A.,Events Services,India,60,Low,False,2020-06-23 00:00:00,Active,2026-10-01 02:00:00
SUP000861,ENT001718,Wesvanta Energy B.V.,IT Services,Germany,60,Low,False,2024-05-31 00:00:00,Active,2026-10-01 02:00:00
SUP000862,ENT006224,Norhaven Agritech Pte. Ltd.,IT Services,United States,30,Low,False,2025-05-06 00:00:00,Active,2026-10-01 02:00:00
SUP000863,ENT004459,Valvanta Consulting Pte. Ltd.,Content Vendors,Singapore,15,Medium,False,2024-04-12 00:00:00,Active,2026-10-01 02:00:00
SUP000864,ENT000181,Galport Finance Pte. Ltd.,Data Providers,Malaysia,30,Low,False,2014-11-12 00:00:00,Inactive,2026-10-01 02:00:00
SUP000865,ENT000745,Elbrook Logistics Ltd.,IT Services,United Kingdom,60,Low,False,10/02/2020,Active,2026-10-01 02:00:00
SUP000866,ENT006932,Roswick Motors Ltd.,Events Services,China,45,Low,False,2015-08-03 00:00:00,Active,2026-10-01 02:00:00
SUP000867,ENT005068,Pelane Consulting Co.,IT Services,United States,30,Medium,False,2018-05-11 00:00:00,Active,2026-10-01 02:00:00
SUP000868,ENT008537,Galaris Packaging Inc.,Data Providers,China,15,Medium,True,2021-05-31 00:00:00,Active,2026-10-01 02:00:00
SUP000869,ENT003873,Aldell Retail K.K.,Software,Australia,60,Low,False,2017-09-07 00:00:00,Active,2026-10-01 02:00:00
SUP000870,ENT009555,Kelcrest Motors Inc.,Professional Services,Singapore,30,Low,True,11/12/2017,Active,2026-10-01 02:00:00
SUP000871,ENT004867,Doraris Trading B.V.,Events Services,Philippines,30,Low,False,2014-05-27 00:00:00,Active,2026-10-01 02:00:00
SUP000872,ENT008880,Pelridge Textiles PLC,Software,South Africa,15,Low,True,2019-12-10 00:00:00,Active,2026-10-01 02:00:00
SUP000873,ENT000134,Belport Capital Pte. Ltd.,IT Services,Malaysia,15,Low,False,2025-02-21 00:00:00,Active,2026-10-01 02:00:00
SUP000874,ENT000591,Galhaven Systems Corp.,Content Vendors,Japan,30,Low,False,2024-08-05 00:00:00,Active,2026-10-01 02:00:00
SUP000875,ENT003528,Venara Retail Pte. Ltd.,Events Services,Australia,30,Medium,False,2020-01-13 00:00:00,Active,2026-10-01 02:00:00
SUP000876,ENT009300,Zanwick Motors LLC,IT Services,Ostrava Keys (fictional),45,Medium,False,2024-03-04 00:00:00,Active,2026-10-01 02:00:00
SUP000877,ENT007596,Selara Energy B.V.,Software,United Kingdom,30,Low,False,2025-09-11 00:00:00,Active,2026-10-01 02:00:00
SUP000878,ENT002281,Arlyn Energy Corp.,Facilities,India,30,Medium,False,2026-07-29 00:00:00,Active,2026-10-01 02:00:00
SUP000879,ENT002518,Norridge Robotics Pte. Ltd.,Data Providers,China,30,Low,False,2023-01-24 00:00:00,Active,2026-10-01 02:00:00
SUP000880,ENT000032,Belen Packaging Inc.,Professional Services,Netherlands,30,Medium,True,2021-03-11 00:00:00,Active,2026-10-01 02:00:00
SUP000881,ENT008877,Wesbrook Insurance Corp.,IT Services,Brazil,30,Medium,False,2019-10-23 00:00:00,Active,2026-10-01 02:00:00
SUP000882,ENT007575,Lumith Retail Co.,Data Providers,United States,30,Low,False,2016-09-16 00:00:00,Active,2026-10-01 02:00:00
SUP000883,ENT001830,Vendale Technologies Pte. Ltd.,IT Services,United Kingdom,60,Low,False,2016-06-02 00:00:00,Active,2026-10-01 02:00:00
SUP000884,ENT005378,Venith Robotics S.A.,Travel,South Africa,30,Low,False,2025-07-22 00:00:00,Active,2026-10-01 02:00:00
SUP000885,ENT002038,Fenport Foods Ltd.,Events Services,Netherlands,30,Low,False,2016-08-11 00:00:00,Active,2026-10-01 02:00:00
SUP000886,ENT007815,Kelhaven Agritech Ltd.,Travel,Germany,30,Low,False,2014-07-10 00:00:00,Inactive,2026-10-01 02:00:00
SUP000887,ENT006309,Quinstone Foods K.K.,Facilities,United Kingdom,30,Medium,False,2016-08-17 00:00:00,Active,2026-10-01 02:00:00
SUP000888,ENT004118,Halith Finance S.A.,Facilities,United States,45,Medium,False,2015-01-06 00:00:00,Inactive,2026-10-01 02:00:00
SUP000889,ENT004915,,IT Services,Germany,15,Medium,False,2022-11-18 00:00:00,Active,2026-10-01 02:00:00
SUP000890,ENT003151,Kelstone Systems Corp.,Professional Services,Japan,30,Medium,False,2022-06-28 00:00:00,Active,2026-10-01 02:00:00
SUP000891,ENT006644,Galport Pharma Ltd.,Travel,China,60,Medium,False,27/10/2023,Active,2026-10-01 02:00:00
SUP000892,ENT003698,Briford Textiles LLC,IT Services,Germany,30,Low,False,2018-09-19 00:00:00,Active,2026-10-01 02:00:00
SUP000893,ENT008884,Tordale Capital Co.,IT Services,United States,30,Low,False,2021-06-28 00:00:00,Active,2026-10-01 02:00:00
SUP000894,ENT006388,Verora Foods Ltd.,Facilities,Ostrava Keys (fictional),15,Low,False,2021-01-15 00:00:00,Active,2026-10-01 02:00:00
SUP000895,ENT005598,Dorhaven Logistics Inc.,Software,United States,30,Low,False,2023-08-31 00:00:00,Active,2026-10-01 02:00:00
SUP000896,ENT005985,Alridge Packaging Global 2 GmbH,Travel,United States,30,Medium,False,2022-05-13 00:00:00,Active,2026-10-01 02:00:00
SUP000897,ENT001320,Orova Insurance PLC,IT Services,Singapore,60,Medium,True,2022-11-09 00:00:00,Active,2026-10-01 02:00:00
SUP000898,ENT003375,Valford Systems Ltd.,Content Vendors,Brazil,45,Low,True,2021-12-14 00:00:00,Active,2026-10-01 02:00:00
SUP000899,ENT005319,Dormere Motors K.K.,Events Services,Malaysia,30,Low,True,09/07/2024,Blocked,2026-10-01 02:00:00
SUP000900,ENT004169,Rosdale Motors B.V.,Events Services,Singapore,60,Low,False,2025-06-23 00:00:00,Active,2026-10-01 02:00:00
SUP000901,ENT009128,Peldell Consulting Pte. Ltd.,Software,India,30,Low,False,2016-09-02 00:00:00,Active,2026-10-01 02:00:00
SUP000902,ENT001040,Galport Systems B.V.,Software,United Kingdom,30,Low,False,24/09/2021,Active,2026-10-01 02:00:00
SUP000903,ENT001925,Marford Foods Co.,Professional Services,United States,45,Low,False,2025-10-01 00:00:00,Active,2026-10-01 02:00:00
SUP000904,ENT000242,Valion Technologies K.K.,Software,Japan,45,Medium,False,2019-12-27 00:00:00,Active,2026-10-01 02:00:00
SUP000905,ENT005346,Dorcrest Energy GmbH,Events Services,Philippines,30,Low,False,2024-01-05 00:00:00,Inactive,2026-10-01 02:00:00
SUP000906,ENT007365,Oreon Logistics Ltd.,Data Providers,UAE,30,Low,False,2019-11-08 00:00:00,Active,2026-10-01 02:00:00
SUP000907,ENT007011,Torvanta Consulting Corp.,Professional Services,Singapore,30,Low,False,2017-04-27 00:00:00,Active,2026-10-01 02:00:00
SUP000908,ENT002481,Rosstone Industries GmbH,Travel,Philippines,30,Low,False,2016-01-20 00:00:00,Active,2026-10-01 02:00:00
SUP000909,ENT000462,Morcrest Biotech S.A.,Data Providers,Netherlands,60,Low,True,2022-09-27 00:00:00,Active,2026-10-01 02:00:00
SUP000910,ENT006450,Eleon Consulting Corp.,Travel,Singapore,30,Low,False,2020-11-28 00:00:00,Active,2026-10-01 02:00:00
SUP000911,ENT004691,Belvanta Foods GmbH,Software,Philippines,30,Low,False,2022-05-18 00:00:00,Active,2026-10-01 02:00:00
SUP000912,ENT001828,Sellyn Health S.A.,IT Services,Netherlands,30,Low,False,2021-09-20 00:00:00,Active,2026-10-01 02:00:00
SUP000913,ENT003168,Halion Industries Pte. Ltd.,Facilities,India,30,Low,False,2019-01-29 00:00:00,Active,2026-10-01 02:00:00
SUP000914,ENT001832,Galara Retail S.A.,Content Vendors,France,60,Medium,False,2018-09-27 00:00:00,Active,2026-10-01 02:00:00
SUP000915,ENT005645,Feneon Analytics B.V.,Professional Services,South Africa,30,Low,False,2016-04-19 00:00:00,Active,2026-10-01 02:00:00
SUP000916,ENT007481,Quinstone Mining Corp.,,UAE,60,Low,False,2026-05-11 00:00:00,Active,2026-10-01 02:00:00
SUP000917,ENT003450,Wesbrook Retail Co.,Software,South Africa,30,Low,False,2024-10-25 00:00:00,Active,2026-10-01 02:00:00
SUP000918,ENT002870,GALARIS TEXTILES LLC,Professional Services,Canada,30,Low,False,"Mar 12, 2014",Active,2026-10-01 02:00:00
SUP000919,ENT001618,Dorith Finance LLC,Professional Services,Japan,30,Low,False,2024-11-12 00:00:00,Active,2026-10-01 02:00:00
SUP000920,ENT004114,Calora Analytics LLC,Data Providers,United States,15,Low,False,2021-03-24 00:00:00,Active,2026-10-01 02:00:00
SUP000921,ENT005596,Norport Consulting Inc.,Facilities,Philippines,60,Low,False,2015-06-22 00:00:00,Active,2026-10-01 02:00:00
SUP000922,ENT004889,Oren Media PLC,Content Vendors,China,30,Medium,True,2015-06-19 00:00:00,Inactive,2026-10-01 02:00:00
SUP000923,ENT002967,Rosix Holdings Corp.,IT Services,Japan,30,Medium,False,2023-02-11 00:00:00,Active,2026-10-01 02:00:00
SUP000924,ENT006659,Morstone Textiles LLC,Professional Services,United Kingdom,30,Low,False,2018-01-16 00:00:00,Active,2026-10-01 02:00:00
SUP000925,ENT000545,Galen Labs Inc.,Software,United States,30,Low,False,2015-09-23 00:00:00,Active,2026-10-01 02:00:00
SUP000926,ENT005310,Tordale Systems K.K.,Professional Services,Philippines,60,Low,False,2025-02-04 00:00:00,Active,2026-10-01 02:00:00
SUP000927,ENT008898,Brimere Labs Co.,Events Services,China,45,Low,False,2016-02-25 00:00:00,Active,2026-10-01 02:00:00
SUP000928,ENT007327,Valvanta Textiles K.K.,Software,South Africa,45,Low,False,26/01/2015,Active,2026-10-01 02:00:00
SUP000929,ENT004482,Kelstone Retail PLC,IT Services,India,30,Medium,True,2019-09-27 00:00:00,Active,2026-10-01 02:00:00
SUP000930,ENT004279,Belova Capital Global 2 Co.,Professional Services,Philippines,30,Medium,False,2016-11-29 00:00:00,Active,2026-10-01 02:00:00
SUP000931,ENT000510,Ordell Motors Corp.,Content Vendors,Singapore,45,Low,True,2019-07-05 00:00:00,Active,2026-10-01 02:00:00
SUP000932,ENT009255,Valridge Insurance S.A.,,China,30,Low,False,25/09/2018,Active,2026-10-01 02:00:00
SUP000933,ENT001317,Morion Finance GmbH,IT Services,Germany,30,Low,True,2025-07-21 00:00:00,Active,2026-10-01 02:00:00
SUP000934,ENT008313,  ormere systems inc. ,Data Providers,Netherlands,15,Low,True,2019-10-17 00:00:00,Inactive,2026-10-01 02:00:00
SUP000935,ENT003496,Pelgate Industries Co.,Events Services,Malaysia,30,High,True,2017-04-14 00:00:00,Active,2026-10-01 02:00:00
SUP000936,ENT008140,Peldale Insurance B.V.,IT Services,Germany,30,Low,False,2019-11-29 00:00:00,Active,2026-10-01 02:00:00
SUP000937,ENT000247,Alridge Health Corp.,IT Services,Canada,30,Low,False,2014-12-25 00:00:00,Active,2026-10-01 02:00:00
SUP000938,ENT006817,Orport Industries Pte. Ltd.,Professional Services,Philippines,15,Low,False,2019-06-24 00:00:00,Active,2026-10-01 02:00:00
SUP000939,ENT004173,KELLYN LOGISTICS PTE. LTD.,Events Services,United States,60,Low,False,2021-09-13 00:00:00,Inactive,2026-10-01 02:00:00
SUP000940,ENT007205,Wesgate Agritech K.K.,Facilities,United States,30,Low,False,2019-05-02 00:00:00,Inactive,2026-10-01 02:00:00
SUP000941,ENT007756,Fenwick Finance LLC,Professional Services,India,30,Low,False,2018-07-30 00:00:00,Active,2026-10-01 02:00:00
SUP000942,ENT007503,Istdell Technologies LLC,Data Providers,France,60,Low,False,2017-07-10 00:00:00,Active,2026-10-01 02:00:00
SUP000943,ENT008684,Talwick Logistics K.K.,Content Vendors,United States,30,Low,False,2020-01-17 00:00:00,Active,2026-10-01 02:00:00
SUP000944,ENT009452,Orix Robotics LLC,,South Africa,30,Low,True,23/12/2015,Active,2026-10-01 02:00:00
SUP000945,ENT002348,Corbrook Holdings Co.,Software,United States,30,Low,False,2021-09-30 00:00:00,Active,2026-10-01 02:00:00
SUP000946,ENT004635,Tordale Packaging K.K.,Content Vendors,Germany,30,High,True,2021-02-12 00:00:00,Active,2026-10-01 02:00:00
SUP000947,ENT009590,Alen Analytics LLC,Professional Services,United States,30,Low,False,2026-01-23 00:00:00,Active,2026-10-01 02:00:00
SUP000948,ENT000416,Venwick Logistics S.A.,Content Vendors,Indonesia,60,Medium,False,2017-01-30 00:00:00,Active,2026-10-01 02:00:00
SUP000949,ENT001708,Eldale Technologies Inc.,Data Providers,Japan,30,Medium,False,2021-01-12 00:00:00,Active,2026-10-01 02:00:00
SUP000950,ENT002936,Rosbrook Industries S.A.,Professional Services,United States,30,Low,True,2021-04-01 00:00:00,Active,2026-10-01 02:00:00
SUP000951,ENT002694,Pelgate Textiles Corp.,IT Services,India,30,Medium,False,2017-12-15 00:00:00,Active,2026-10-01 02:00:00
SUP000952,ENT007086,Selmora Agritech Ltd.,Content Vendors,Indonesia,30,Low,False,2025-03-05 00:00:00,Active,2026-10-01 02:00:00
SUP000953,ENT001449,Marova Industries PLC,IT Services,Germany,30,Medium,True,2026-06-02 00:00:00,Active,2026-10-01 02:00:00
SUP000954,ENT001958,Selmora Finance B.V.,IT Services,Singapore,60,Medium,False,2018-05-15 00:00:00,Active,2026-10-01 02:00:00
SUP000955,ENT001676,Lumvale Robotics B.V.,Travel,Philippines,30,Low,False,2025-08-26 00:00:00,Active,2026-10-01 02:00:00
SUP000956,ENT001184,Morgate Packaging Co.,Events Services,Germany,30,Medium,False,2014-06-13 00:00:00,Blocked,2026-10-01 02:00:00
SUP000957,ENT001244,Ellyn Motors LLC,Data Providers,United States,30,Low,False,2020-09-11 00:00:00,Active,2026-10-01 02:00:00
SUP000958,ENT004228,Oreon Foods Corp.,Travel,Germany,60,Medium,False,2025-05-02 00:00:00,Active,2026-10-01 02:00:00
SUP000959,ENT005022,Kelford Pharma S.A.,IT Services,United States,30,Low,False,2026-02-09 00:00:00,Active,2026-10-01 02:00:00
SUP000960,ENT008186,Wesdell Consulting K.K.,Software,Singapore,30,Low,False,"Feb 07, 2020",Active,2026-10-01 02:00:00
SUP000961,ENT002926,Biraris Holdings Global 2 LLC,Travel,Germany,30,Medium,True,2022-01-17 00:00:00,Active,2026-10-01 02:00:00
SUP000962,ENT000696,Alith Media Co.,Professional Services,Japan,30,Low,False,2014-04-07 00:00:00,Active,2026-10-01 02:00:00
SUP000963,ENT003171,Wesbrook Motors Corp.,,United States,30,Low,False,2025-07-30 00:00:00,Active,2026-10-01 02:00:00
SUP000964,ENT008364,Venix Trading LLC,Software,India,15,Low,False,2023-11-14 00:00:00,Active,2026-10-01 02:00:00
SUP000965,ENT006588,Marmora Logistics Co.,Events Services,Germany,30,Low,True,2014-01-20 00:00:00,Active,2026-10-01 02:00:00
SUP000966,ENT002818,Marhaven Agritech GmbH,Content Vendors,India,45,Low,True,2026-05-20 00:00:00,Active,2026-10-01 02:00:00
SUP000967,ENT001491,Albrook Biotech Inc.,Travel,Philippines,30,Medium,False,2019-01-11 00:00:00,Active,2026-10-01 02:00:00
SUP000968,ENT002180,Rosith Logistics GmbH,Events Services,United States,45,High,False,2023-08-22 00:00:00,Active,2026-10-01 02:00:00
SUP000969,ENT003847,Lumdale Finance GmbH,Events Services,Canada,30,Low,False,01/12/2022,Active,2026-10-01 02:00:00
SUP000970,ENT004457,Ulova Industries Co.,Content Vendors,United States,15,Low,False,2024-06-24 00:00:00,Active,2026-10-01 02:00:00
SUP000971,ENT000573,  galcrest insurance b.v. ,Content Vendors,United States,45,Low,True,2020-03-30 00:00:00,Active,2026-10-01 02:00:00
SUP000972,ENT007581,Fenaris Robotics PLC,Facilities,Singapore,30,Low,False,2018-03-02 00:00:00,Active,2026-10-01 02:00:00
SUP000973,ENT009670,Verara Health Ltd.,Content Vendors,South Africa,60,Low,False,2024-10-11 00:00:00,Active,2026-10-01 02:00:00
SUP000974,ENT009083,Peleon Energy Ltd.,Data Providers,Vietnam,30,Medium,False,2023-06-05 00:00:00,Active,2026-10-01 02:00:00
SUP000975,ENT005269,Brimora Trading Inc.,Facilities,Canada,60,Low,True,2020-07-27 00:00:00,Active,2026-10-01 02:00:00
SUP000976,ENT007285,Morcrest Trading S.A.,IT Services,United States,45,Low,False,2014-02-14 00:00:00,Active,2026-10-01 02:00:00
SUP000977,ENT006993,Belgate Technologies GmbH,Professional Services,Philippines,30,Medium,False,2016-07-19 00:00:00,Active,2026-10-01 02:00:00
SUP000978,ENT005117,Zanane Insurance B.V.,Facilities,Japan,60,Medium,False,2017-09-22 00:00:00,Active,2026-10-01 02:00:00
SUP000979,ENT009206,Arstone Holdings Pte. Global 2 Ltd.,,China,60,Low,False,2024-08-27 00:00:00,Active,2026-10-01 02:00:00
SUP000980,ENT000119,Morion Health Global 2 S.A.,Software,Vietnam,30,Low,False,2015-05-12 00:00:00,Active,2026-10-01 02:00:00
SUP000981,ENT006950,Marvale Analytics GmbH,Data Providers,Germany,60,Low,True,2025-09-05 00:00:00,Active,2026-10-01 02:00:00
SUP000982,ENT000876,Briora Retail Ltd.,Travel,Australia,60,Low,False,2017-01-16 00:00:00,Active,2026-10-01 02:00:00
SUP000983,ENT000798,,Events Services,United States,30,Low,False,2014-06-09 00:00:00,Active,2026-10-01 02:00:00
SUP000984,ENT002823,Fenlyn Trading Corp.,IT Services,United States,60,Low,False,2016-03-21 00:00:00,Active,2026-10-01 02:00:00
SUP000985,ENT001651,Ulora Trading Corp.,IT Services,Philippines,15,Low,False,2022-01-17 00:00:00,Active,2026-10-01 02:00:00
SUP000986,ENT000369,Uldale Insurance Ltd.,Events Services,China,45,Low,False,2016-08-02 00:00:00,Active,2026-10-01 02:00:00
SUP000987,ENT009094,Rosara Logistics PLC,Events Services,Australia,45,Low,True,2016-11-03 00:00:00,Active,2026-10-01 02:00:00
SUP000988,ENT009898,Alford Motors LLC,Data Providers,France,30,Low,True,2016-11-28 00:00:00,Inactive,2026-10-01 02:00:00
SUP000989,ENT000792,Norbrook Mining GmbH,Professional Services,India,60,High,False,2016-09-02 00:00:00,Active,2026-10-01 02:00:00
SUP000990,ENT009194,Kelford Holdings LLC,IT Services,Philippines,30,Low,False,2021-11-09 00:00:00,Active,2026-10-01 02:00:00
SUP000991,ENT007742,QUINSTONE TECHNOLOGIES LTD.,Professional Services,Brazil,15,Low,False,2014-07-22 00:00:00,Active,2026-10-01 02:00:00
SUP000992,ENT004346,Rosmere Holdings Ltd.,Events Services,Philippines,30,Medium,False,2022-03-18 00:00:00,Active,2026-10-01 02:00:00
SUP000993,ENT000447,Ulora Insurance B.V.,IT Services,Philippines,15,Medium,False,2021-02-19 00:00:00,Active,2026-10-01 02:00:00
SUP000994,ENT004136,Dordell Technologies GmbH,IT Services,United States,30,High,True,2025-06-02 00:00:00,Inactive,2026-10-01 02:00:00
SUP000995,ENT001212,Pelith Systems Corp.,Events Services,Singapore,30,Low,False,2016-12-13 00:00:00,Active,2026-10-01 02:00:00
SUP000996,ENT004756,Vereon Robotics Co.,IT Services,India,60,Low,True,2022-12-23 00:00:00,Active,2026-10-01 02:00:00
SUP000997,ENT007347,Ulara Partners GmbH,Data Providers,Philippines,60,Low,False,2017-08-07 00:00:00,Active,2026-10-01 02:00:00
SUP000998,ENT003275,Ulora Media Inc.,Professional Services,Netherlands,15,Low,False,2019-12-31 00:00:00,Inactive,2026-10-01 02:00:00
SUP000999,ENT006499,Briford Industries PLC,Events Services,Singapore,30,Low,False,28/08/2023,Active,2026-10-01 02:00:00
SUP001000,ENT004841,Isten Textiles GmbH,Professional Services,South Africa,45,Medium,True,2020-03-02 00:00:00,Active,2026-10-01 02:00:00
SUP001001,ENT007392,Verbrook Logistics Ltd.,Professional Services,United Kingdom,60,Low,False,2024-02-15 00:00:00,Active,2026-10-01 02:00:00
SUP001002,ENT005646,Kelridge Logistics LLC,Content Vendors,Australia,30,Medium,False,2017-09-14 00:00:00,Inactive,2026-10-01 02:00:00
SUP001003,ENT006268,Marix Biotech Ltd.,Facilities,Singapore,30,Low,False,2022-06-03 00:00:00,Active,2026-10-01 02:00:00
SUP001004,ENT003726,Mordale Systems B.V.,Content Vendors,Germany,30,Medium,True,2022-05-11 00:00:00,Active,2026-10-01 02:00:00
SUP001005,ENT004443,Vergate Motors LLC,Data Providers,Singapore,30,High,True,2024-10-01 00:00:00,Active,2026-10-01 02:00:00
SUP001006,ENT007646,Kelara Partners Corp.,Content Vendors,Japan,30,Low,False,"Jul 08, 2014",Active,2026-10-01 02:00:00
SUP001007,ENT009353,Briaris Motors K.K.,Events Services,Japan,30,Low,False,2026-07-28 00:00:00,Blocked,2026-10-01 02:00:00
SUP001008,ENT001380,Venhaven Capital B.V.,Travel,United Kingdom,60,Low,True,2020-04-24 00:00:00,Active,2026-10-01 02:00:00
SUP001009,ENT002916,Pelane Mining LLC,IT Services,Vietnam,30,Low,True,07/09/2020,Active,2026-10-01 02:00:00
SUP001010,ENT008942,Veneon Robotics Co.,Travel,United States,30,Low,False,2016-07-26 00:00:00,Active,2026-10-01 02:00:00
SUP001011,ENT001156,Galstone Trading PLC,IT Services,United Kingdom,60,Low,False,2014-08-11 00:00:00,Active,2026-10-01 02:00:00
SUP001012,ENT008136,Dorion Holdings Corp.,Travel,United States,30,Low,False,2026-02-05 00:00:00,Active,2026-10-01 02:00:00
SUP001013,ENT009995,Talith Foods K.K.,Software,United Kingdom,30,Medium,False,2023-01-19 00:00:00,Inactive,2026-10-01 02:00:00
SUP001014,ENT003706,Selane Textiles PLC,Travel,United States,60,Low,False,2016-06-02 00:00:00,Active,2026-10-01 02:00:00
SUP001015,ENT005103,Morova Media Pte. Ltd.,IT Services,Brazil,30,Medium,False,2022-06-10 00:00:00,Active,2026-10-01 02:00:00
SUP001016,ENT002761,Keldell Analytics Ltd.,Content Vendors,Philippines,60,Low,False,10/10/2019,Active,2026-10-01 02:00:00
SUP001017,ENT002468,Venport Biotech GmbH,IT Services,Singapore,30,Low,False,2025-12-16 00:00:00,Active,2026-10-01 02:00:00
SUP001018,ENT008046,Alen Labs Global 2 PLC,Content Vendors,India,30,Low,False,2017-02-06 00:00:00,Active,2026-10-01 02:00:00
SUP001019,ENT002925,Corvanta Retail Corp.,Content Vendors,United Kingdom,60,Low,False,2016-09-05 00:00:00,Inactive,2026-10-01 02:00:00
SUP001020,ENT001948,Belix Mining GmbH,IT Services,Philippines,30,Medium,False,2022-11-23 00:00:00,Active,2026-10-01 02:00:00
SUP001021,ENT004293,Norova Analytics Corp.,IT Services,UAE,45,Medium,False,2020-01-29 00:00:00,Active,2026-10-01 02:00:00
SUP001022,ENT008041,Quinion Textiles Pte. Ltd.,IT Services,China,30,Medium,False,2016-05-27 00:00:00,Active,2026-10-01 02:00:00
SUP001023,ENT004182,Morgate Holdings K.K.,Facilities,United Kingdom,45,Low,False,2019-05-02 00:00:00,Active,2026-10-01 02:00:00
SUP001024,ENT008817,Cordell Capital Co.,Software,France,60,Medium,True,"Jun 30, 2016",Active,2026-10-01 02:00:00
SUP001025,ENT009956,Orix Technologies Ltd.,Content Vendors,Philippines,60,Low,False,2014-08-29 00:00:00,Active,2026-10-01 02:00:00
SUP001026,ENT009243,Elbrook Technologies Pte. Ltd.,Data Providers,United States,30,Medium,False,2023-07-07 00:00:00,Active,2026-10-01 02:00:00
SUP001027,ENT009058,Marstone Packaging Inc.,Content Vendors,United Kingdom,30,Low,False,2025-05-20 00:00:00,Active,2026-10-01 02:00:00
SUP001028,ENT003518,Istlyn Pharma Inc.,Travel,United Kingdom,30,Low,False,28/08/2024,Active,2026-10-01 02:00:00
SUP001029,ENT001747,Verwick Textiles B.V.,Facilities,Japan,30,Medium,False,2019-06-03 00:00:00,Active,2026-10-01 02:00:00
SUP001030,ENT001021,Istbrook Biotech Corp.,Facilities,China,30,Low,True,2021-06-22 00:00:00,Active,2026-10-01 02:00:00
SUP001031,ENT003315,Orix Health K.K.,Professional Services,Philippines,45,Low,False,2017-02-06 00:00:00,Inactive,2026-10-01 02:00:00
SUP001032,ENT008495,Orion Systems LLC,Professional Services,Singapore,30,Medium,True,2025-02-20 00:00:00,Active,2026-10-01 02:00:00
SUP001033,ENT007477,Dorane Analytics GmbH,Professional Services,Philippines,30,High,False,07/10/2019,Active,2026-10-01 02:00:00
SUP001034,ENT002962,Valdale Energy LLC,Software,Japan,30,Low,False,2018-10-31 00:00:00,Inactive,2026-10-01 02:00:00
SUP001035,ENT009191,Zanbrook Trading Co.,IT Services,China,30,High,False,2020-02-13 00:00:00,Active,2026-10-01 02:00:00
SUP001036,ENT004581,Ardell Foods PLC,Professional Services,United States,45,Low,False,04/07/2018,Active,2026-10-01 02:00:00
SUP001037,ENT007111,Rosport Robotics Pte. Ltd.,Software,United States,30,Low,True,2026-01-05 00:00:00,Active,2026-10-01 02:00:00
SUP001038,ENT004826,Selith Analytics Pte. Ltd.,Facilities,United States,30,Low,False,2019-05-12 00:00:00,Active,2026-10-01 02:00:00
SUP001039,ENT004124,Istdell Pharma Co.,Software,India,30,Medium,False,2015-10-13 00:00:00,Active,2026-10-01 02:00:00
SUP001040,ENT006001,Isteon Retail LLC,IT Services,Germany,30,Low,True,2019-07-09 00:00:00,Inactive,2026-10-01 02:00:00
SUP001041,ENT003355,Kelion Capital LLC,Facilities,Germany,15,Low,False,04/04/2016,Active,2026-10-01 02:00:00
SUP001042,ENT006960,Marridge Motors Pte. Ltd.,Data Providers,Australia,30,Medium,False,2024-04-29 00:00:00,Active,2026-10-01 02:00:00
SUP001043,ENT000744,Armere Robotics GmbH,Software,Malaysia,30,Low,False,2022-03-29 00:00:00,Active,2026-10-01 02:00:00
SUP001044,ENT001859,Mormere Consulting Inc.,Professional Services,Philippines,30,Low,False,2022-02-11 00:00:00,Active,2026-10-01 02:00:00
SUP001045,ENT001020,Pelix Capital PLC,Software,Vietnam,45,Medium,False,2018-07-19 00:00:00,Inactive,2026-10-01 02:00:00
SUP001046,ENT008617,Valridge Partners GmbH,Software,Philippines,30,Low,True,2019-05-10 00:00:00,Active,2026-10-01 02:00:00
SUP001047,ENT001852,Orion Labs K.K.,Content Vendors,United States,30,Medium,False,2018-10-11 00:00:00,Active,2026-10-01 02:00:00
SUP001048,ENT007345,Dorora Labs LLC,Data Providers,Germany,30,Medium,True,2019-09-13 00:00:00,Active,2026-10-01 02:00:00
SUP001049,ENT000557,Halara Logistics S.A.,Facilities,UAE,30,Low,True,2020-10-19 00:00:00,Active,2026-10-01 02:00:00
SUP001050,ENT001163,Selport Health Corp.,IT Services,United States,15,Low,True,2019-04-02 00:00:00,Blocked,2026-10-01 02:00:00
SUP001051,ENT000495,Verdell Capital K.K.,Professional Services,Brazil,15,Low,False,2016-12-05 00:00:00,Active,2026-10-01 02:00:00
SUP001052,ENT003052,Fenion Holdings Inc.,Facilities,India,30,Low,False,2023-01-23 00:00:00,Active,2026-10-01 02:00:00
SUP001053,ENT007937,Norane Motors Pte. Ltd.,Events Services,Indonesia,30,Low,False,2015-09-02 00:00:00,Inactive,2026-10-01 02:00:00
SUP001054,ENT009484,Kelane Mining S.A.,Events Services,Singapore,15,Low,False,2023-03-13 00:00:00,Active,2026-10-01 02:00:00
SUP001055,ENT000864,Elvanta Consulting LLC,Facilities,South Africa,60,Medium,False,2024-11-05 00:00:00,Active,2026-10-01 02:00:00
SUP001056,ENT003802,Tallyn Agritech B.V.,Software,Canada,45,Low,False,2025-10-21 00:00:00,Active,2026-10-01 02:00:00
SUP001057,ENT005908,Wesaris Systems Inc.,IT Services,Japan,30,Medium,False,2014-06-23 00:00:00,Active,2026-10-01 02:00:00
SUP001058,ENT004434,Zanix Systems K.K.,Professional Services,China,45,Low,True,2017-08-25 00:00:00,Active,2026-10-01 02:00:00
SUP001059,ENT001315,Eldell Logistics Co.,Data Providers,Philippines,30,Low,False,2018-11-17 00:00:00,Active,2026-10-01 02:00:00
SUP001060,ENT004946,,IT Services,Indonesia,15,High,True,2025-04-14 00:00:00,Active,2026-10-01 02:00:00
SUP001061,ENT005175,Tordell Textiles Pte. Ltd.,Content Vendors,United States,30,Medium,True,2014-08-12 00:00:00,Active,2026-10-01 02:00:00
SUP001062,ENT004568,,Facilities,United Kingdom,45,Low,True,2024-09-24 00:00:00,Active,2026-10-01 02:00:00
SUP001063,ENT005626,Kelcrest Finance LLC,Content Vendors,Philippines,30,Low,False,2019-09-06 00:00:00,Active,2026-10-01 02:00:00
SUP001064,ENT007836,Morport Mining PLC,Data Providers,Philippines,30,Medium,False,2015-05-26 00:00:00,Active,2026-10-01 02:00:00
SUP001065,ENT006370,Corara Media Global 2 K.K.,Professional Services,Philippines,45,Low,False,2020-05-12 00:00:00,Active,2026-10-01 02:00:00
SUP001066,ENT000113,Kelion Finance Co.,Professional Services,Philippines,45,Low,True,2018-08-21 00:00:00,Inactive,2026-10-01 02:00:00
SUP001067,ENT005576,Norith Systems Inc.,Data Providers,Germany,15,Low,False,2014-12-12 00:00:00,Active,2026-10-01 02:00:00
SUP001068,ENT004314,Istdale Robotic sK.K.,Data Providers,United Kingdom,45,Low,False,2017-08-02 00:00:00,Active,2026-10-01 02:00:00
SUP001069,ENT008463,Lumion Partners PLC,Events Services,Philippines,60,Low,False,2025-10-20 00:00:00,Active,2026-10-01 02:00:00
SUP001070,ENT009765,Pelstone Motors GmbH,Professional Services,Brazil,30,Low,False,2022-07-13 00:00:00,Active,2026-10-01 02:00:00
SUP001071,ENT002850,Tormora Partners Co.,Software,United States,45,Low,False,2021-10-23 00:00:00,Active,2026-10-01 02:00:00
SUP001072,ENT001171,Galbrook Packaging Inc.,Travel,India,45,Low,False,2021-04-16 00:00:00,Blocked,2026-10-01 02:00:00
SUP001073,ENT008709,Marvanta Robotics GmbH,Content Vendors,Singapore,30,Low,False,2014-09-29 00:00:00,Active,2026-10-01 02:00:00
SUP001074,ENT003522,Marova Holdings Ltd.,Professional Services,Philippines,30,High,False,2025-05-07 00:00:00,Active,2026-10-01 02:00:00
SUP001075,ENT008959,Pelridge Packaging Corp.,IT Services,Indonesia,30,Low,False,2015-05-18 00:00:00,Active,2026-10-01 02:00:00
SUP001076,ENT005089,Elport Industries PLC,Software,France,30,High,False,2025-08-14 00:00:00,Active,2026-10-01 02:00:00
SUP001077,ENT002117,Arstone Robotics GmbH,Travel,United Kingdom,30,Low,False,2015-01-01 00:00:00,Active,2026-10-01 02:00:00
SUP001078,ENT006634,Selstone Logistics PLC,Software,United States,30,Low,True,2014-03-24 00:00:00,Active,2026-10-01 02:00:00
SUP001079,ENT005195,Bridale Trading PLC,Events Services,United States,15,Medium,False,2020-09-01 00:00:00,Active,2026-10-01 02:00:00
SUP001080,ENT007198,Valmora Labs Ltd.,Facilities,France,45,Low,False,2018-10-23 00:00:00,Active,2026-10-01 02:00:00
SUP001081,ENT002941,Zangate Health PLC,Software,India,30,Low,False,2022-09-05 00:00:00,Active,2026-10-01 02:00:00
SUP001082,ENT006337,Zanridge Retail Co.,Events Services,United States,45,Low,False,2024-06-06 00:00:00,Inactive,2026-10-01 02:00:00
SUP001083,ENT001189,Halmora Ssytems GmbH,Travel,United States,60,Low,False,2016-08-10 00:00:00,Active,2026-10-01 02:00:00
SUP001084,ENT006209,Aldale Consulting GmbH,Professional Services,United Kingdom,30,Medium,True,2018-03-28 00:00:00,Active,2026-11-09 02:00:00
SUP001085,ENT002609,Calwick Insurance Inc.,IT Services,UAE,30,Low,False,2016-10-13 00:00:00,Active,2026-10-01 02:00:00
SUP001086,ENT002120,Valova Holdings LLC,Travel,Indonesia,30,Low,False,2024-02-13 00:00:00,Active,2026-10-01 02:00:00
SUP001087,ENT004842,  kellyn robotics plc ,Content Vendors,India,30,Low,True,2017-10-19 00:00:00,Active,2026-10-01 02:00:00
SUP001088,ENT009016,Noren Consulting S.A.,Professional Services,UAE,45,Low,False,2015-06-15 00:00:00,Active,2026-10-01 02:00:00
SUP001089,ENT000753,Calen Textiles B.V.,Software,United Kingdom,30,Low,False,2016-12-26 00:00:00,Active,2026-10-01 02:00:00
SUP001090,ENT007334,Alara Insurance S.A.,Software,China,30,Low,False,2025-04-11 00:00:00,Active,2026-10-01 02:00:00
SUP001091,ENT002443,Halridge Analytics S.A.,Professional Services,Netherlands,45,Low,False,2022-05-06 00:00:00,Active,2026-10-01 02:00:00
SUP001092,ENT004835,Torcrest Packaging Ltd.,Events Services,United Kingdom,30,Medium,False,2014-09-19 00:00:00,Active,2026-10-01 02:00:00
SUP001093,ENT004974,Selvanta Mining PLC,IT Services,Isle of Calder (fictional),60,Low,False,2020-12-08 00:00:00,Active,2026-10-01 02:00:00
SUP001094,ENT007185,Halstone Tradign S.A.,IT Services,United Kingdom,45,Medium,True,2018-03-13 00:00:00,Active,2026-10-01 02:00:00
SUP001095,ENT006598,Norion Foods Inc.,Professional Services,Philippines,30,Low,False,2014-07-07 00:00:00,Active,2026-10-01 02:00:00
SUP001096,ENT003289,Bricrest Pharma Pte. Ltd.,Facilities,Vietnam,15,Low,True,2019-10-01 00:00:00,Active,2026-10-01 02:00:00
SUP001097,ENT007922,Calvale Textiles Ltd.,Events Services,Netherlands,60,Low,False,03/11/2014,Active,2026-10-01 02:00:00
SUP001098,ENT007184,Zanen Agritech B.V.,Content Vendors,United Kingdom,30,Low,False,2014-09-04 00:00:00,Active,2026-10-01 02:00:00
SUP001099,ENT000383,Coraris Agritech K.K.,Travel,China,60,Low,False,2019-09-06 00:00:00,Active,2026-10-01 02:00:00
SUP001100,ENT002194,Nordell Robotics Corp.,Content Vendors,Philippines,60,Low,False,2020-11-20 00:00:00,Active,2026-10-01 02:00:00
SUP001101,ENT007027,Dorstone Textiles Ltd.,Events Services,China,30,Low,True,2015-01-08 00:00:00,Active,2026-10-01 02:00:00
SUP001102,ENT000055,Halvale Robotics Pte. Ltd.,Professional Services,Germany,60,Low,False,2021-02-16 00:00:00,Active,2026-10-01 02:00:00
SUP001103,ENT005421,Wesbrook Media GmbH,Facilities,Japan,30,Low,False,16/11/2016,Active,2026-10-01 02:00:00
SUP001104,ENT003344,Lumvanta Labs Inc.,Data Providers,Singapore,30,Medium,False,2014-07-31 00:00:00,Active,2026-10-01 02:00:00
SUP001105,ENT003944,Talvanta Capital GmbH,Data Providers,United States,30,Low,True,2022-11-28 00:00:00,Inactive,2026-10-01 02:00:00
SUP001106,ENT000811,Alwick Textiles K.K.,Facilities,Japan,15,Low,True,2016-09-02 00:00:00,Active,2026-10-01 02:00:00
SUP001107,ENT002546,Kelova Insurance Inc.,Content Vendors,United States,15,Low,True,2020-09-16 00:00:00,Active,2026-10-01 02:00:00
SUP001108,ENT009894,Orgate Retail Pte. Ltd.,Content Vendors,France,30,Low,False,2014-05-12 00:00:00,Active,2026-10-01 02:00:00
SUP001109,ENT003192,Dorova Health Ltd.,Data Providers,France,30,Low,False,2022-08-02 00:00:00,Active,2026-10-01 02:00:00
SUP001110,ENT004988,Fenford Holdings Inc.,Data Providers,United Kingdom,15,Low,True,2022-01-19 00:00:00,Active,2026-10-01 02:00:00
SUP001111,ENT000903,Oreon Foods GmbH,,Australia,30,Low,False,2020-03-09 00:00:00,Active,2026-10-01 02:00:00
SUP001112,ENT007328,Elport Packaging LLC,Professional Services,South Africa,30,Low,False,2025-06-13 00:00:00,Active,2026-10-01 02:00:00
SUP001113,ENT003190,Pelora Insurance Ltd.,Travel,United States,30,Medium,False,2026-08-14 00:00:00,Active,2026-10-01 02:00:00
SUP001114,ENT005278,Wesvale Trading PLC,IT Services,Philippines,30,Low,True,2018-01-08 00:00:00,Blocked,2026-10-01 02:00:00
SUP001115,ENT000782,Uleon Partners K.K.,Software,United States,30,Low,False,2021-02-04 00:00:00,Inactive,2026-10-01 02:00:00
SUP001116,ENT005490,Vervale Textiles PLC,IT Services,India,30,Low,False,2026-04-06 00:00:00,Active,2026-10-01 02:00:00
SUP001117,ENT000277,Torcrest Health Ltd.,Travel,Vietnam,60,Low,False,2026-06-25 00:00:00,Active,2026-10-01 02:00:00
SUP001118,ENT006811,Dorvanta Holdings PLC,Software,Australia,15,Low,False,2015-01-02 00:00:00,Inactive,2026-10-01 02:00:00
SUP001119,ENT004782,Kelara Textiles B.V.,Professional Services,United Kingdom,30,Low,False,2022-04-18 00:00:00,Active,2026-10-01 02:00:00
SUP001120,ENT003812,Bellyn Insurance Global 2 Corp.,Data Providers,India,30,Low,False,2019-03-28 00:00:00,Active,2026-10-01 02:00:00
SUP001121,ENT000560,Alford Trading S.A.,Software,Japan,30,Low,True,03/12/2024,Active,2026-10-01 02:00:00
SUP001122,ENT002168,Oraris Eenrgy Corp.,,India,30,Medium,True,2015-01-13 00:00:00,Active,2026-10-01 02:00:00
SUP001123,ENT005246,Rosaris Media Inc.,IT Services,Germany,30,Medium,False,"Apr 25, 2016",Active,2026-10-01 02:00:00
SUP001124,ENT006740,MORVALE FOODS CORP.,Facilities,France,30,Low,False,2014-10-17 00:00:00,Active,2026-10-01 02:00:00
SUP001125,ENT001847,Almere Mining Inc.,Professional Services,Australia,30,Low,True,2017-04-21 00:00:00,Active,2026-10-01 02:00:00
SUP001126,ENT004876,Alith Mining K.K.,Professional Services,United States,30,Low,False,2016-10-28 00:00:00,Active,2026-10-01 02:00:00
SUP001127,ENT009623,Selara Technologies B.V.,Events Services,Singapore,45,High,False,2024-09-20 00:00:00,Active,2026-10-01 02:00:00
SUP001128,ENT007805,Marlyn Capital PLC,Events Services,Malaysia,30,Low,False,"Oct 12, 2016",Active,2026-10-01 02:00:00
SUP001129,ENT005028,Marridge Biotech S.A.,Travel,Canada,30,Low,False,2023-11-15 00:00:00,Active,2026-10-01 02:00:00
SUP001130,ENT001009,Morstone Analytics K.K.,Events Services,France,60,Low,False,2016-09-02 00:00:00,Active,2026-10-01 02:00:00
SUP001131,ENT005008,Pelane Analytics LLC,Content Vendors,Canada,30,Medium,False,2022-07-21 00:00:00,Active,2026-10-01 02:00:00
SUP001132,ENT007662,Vervale Packaging PLC,IT Services,United Kingdom,30,Medium,False,"May 02, 2022",Active,2026-10-01 02:00:00
SUP001133,ENT003757,Arane Packaging Corp.,Travel,Indonesia,30,Low,False,2014-01-10 00:00:00,Active,2026-10-01 02:00:00
SUP001134,ENT000327,Marwick Holdings Co.,Professional Services,United Kingdom,30,Low,False,2023-07-31 00:00:00,Inactive,2026-10-01 02:00:00
SUP001135,ENT003713,Aren Partners LLC,Software,Germany,45,Low,False,2019-08-05 00:00:00,Inactive,2026-10-01 02:00:00
SUP001136,ENT003268,Kelbrook Robotics Co.,Content Vendors,Philippines,30,Low,False,2014-11-05 00:00:00,Active,2026-10-01 02:00:00
SUP001137,ENT008133,Istridge Textiles Co.,Professional Services,India,30,Low,False,2024-07-18 00:00:00,Active,2026-10-01 02:00:00
SUP001138,ENT005740,Torridge Trading PLC,Events Services,Canada,30,Low,True,2025-11-10 00:00:00,Active,2026-10-01 02:00:00
SUP001139,ENT008019,Selford Robotics Co.,Data Providers,India,30,Medium,False,2018-09-03 00:00:00,Active,2026-10-01 02:00:00
SUP001140,ENT002880,Galcrest Consulting K.K.,Content Vendors,Netherlands,45,Low,False,2017-10-27 00:00:00,Active,2026-10-01 02:00:00
SUP001141,ENT001131,Elvale Mining LLC,Professional Services,Japan,60,Medium,False,2015-10-30 00:00:00,Active,2026-10-01 02:00:00
SUP001142,ENT006206,Maren Partners S.A.,Data Providers,United Kingdom,45,Medium,True,2019-06-03 00:00:00,Active,2026-10-01 02:00:00
SUP001143,ENT008170,,Travel,Singapore,30,Low,False,2022-05-12 00:00:00,Active,2026-10-01 02:00:00
SUP001144,ENT005338,Noren Media K.K.,Travel,United Kingdom,60,Low,False,2022-08-22 00:00:00,Active,2026-10-01 02:00:00
SUP001145,ENT006244,Selara Foods S.A.,Content Vendors,Philippines,45,Low,False,15/03/2024,Active,2026-10-01 02:00:00
SUP001146,ENT005959,Kellyn Trading Inc.,IT Services,France,15,Medium,False,2020-03-23 00:00:00,Active,2026-10-01 02:00:00
SUP001147,ENT005047,Calaris Industries LLC,Events Services,Vietnam,60,Medium,False,2026-03-04 00:00:00,Active,2026-10-15 02:00:00
SUP001148,ENT005585,Dorford Labs LLC,Content Vendors,India,60,Low,False,2018-08-08 00:00:00,Active,2026-10-01 02:00:00
SUP001149,ENT003090,Kelhaven Analytics PLC,IT Services,United States,45,Low,True,2019-06-28 00:00:00,Blocked,2026-10-01 02:00:00
SUP001150,ENT000085,Dorith Packaging K.K.,Content Vendors,United States,30,Low,True,2015-10-13 00:00:00,Active,2026-10-01 02:00:00
SUP001151,ENT008097,Pelova Consulting Corp.,Content Vendors,Philippines,45,Medium,False,2016-01-10 00:00:00,Active,2026-10-01 02:00:00
SUP001152,ENT007325,Kelridge Finance PLC,IT Services,United States,15,Low,False,2023-10-30 00:00:00,Active,2026-10-01 02:00:00
SUP001153,ENT005348,Belion Systems S.A.,Events Services,India,30,Low,False,2017-03-27 00:00:00,Active,2026-10-01 02:00:00
SUP001154,ENT002233,Wesford Motors Co.,Content Vendors,Germany,45,Low,False,2021-10-11 00:00:00,Active,2026-10-01 02:00:00
SUP001155,ENT008039,Roswick Capital Ltd.,Events Services,China,60,Medium,False,2023-01-23 00:00:00,Active,2026-10-01 02:00:00
SUP001156,ENT000463,Quindell Industries Pte. Ltd.,Professional Services,Australia,30,Low,False,13/09/2019,Active,2026-10-01 02:00:00
SUP001157,ENT008432,Kelix Industries Corp.,Data Providers,Japan,30,Medium,False,2014-04-15 00:00:00,Active,2026-10-01 02:00:00
SUP001158,ENT006184,Wesova Holdings PLC,IT Services,Ostrava Keys (fictional),60,Medium,False,2019-05-27 00:00:00,Inactive,2026-10-01 02:00:00
SUP001159,ENT003091,Talford Industries LLC,Software,India,30,High,True,2026-03-27 00:00:00,Active,2026-10-01 02:00:00
SUP001160,ENT006022,Norridge Health LLC,Events Services,France,30,Low,False,2020-11-27 00:00:00,Active,2026-10-01 02:00:00
SUP001161,ENT008799,,Professional Services,Philippines,30,Medium,False,2024-12-18 00:00:00,Active,2026-10-01 02:00:00
SUP001162,ENT005652,Calvale Finance PLC,IT Services,Philippines,30,High,True,2024-09-12 00:00:00,Active,2026-10-01 02:00:00
SUP001163,ENT004689,Dorridge Pharma K.K.,Professional Services,United States,45,High,False,2020-01-08 00:00:00,Active,2026-10-01 02:00:00
SUP001164,ENT002389,Arvanta Consulting PLC,Content Vendors,Brazil,30,Low,False,2022-12-01 00:00:00,Active,2026-10-01 02:00:00
SUP001165,ENT001704,Orstone Textiles Corp.,Content Vendors,United States,60,Low,False,2024-04-22 00:00:00,Active,2026-10-01 02:00:00
SUP001166,ENT001430,Alhaven Partners Ltd.,Content Vendors,India,45,Medium,False,2020-11-26 00:00:00,Active,2026-10-01 02:00:00
SUP001167,ENT008583,Norion Biotech Inc.,Travel,Philippines,45,Low,True,2015-01-13 00:00:00,Active,2026-10-01 02:00:00
SUP001168,ENT006363,Kelstone Health LLC,Facilities,France,30,Low,False,2018-08-17 00:00:00,Active,2026-10-01 02:00:00
SUP001169,ENT004718,Calport Holdings K.K.,Events Services,Philippines,45,Low,False,2026-04-10 00:00:00,Blocked,2026-10-01 02:00:00
SUP001170,ENT001927,Norlyn Logistics Ltd.,Software,Vietnam,30,Low,True,2024-07-06 00:00:00,Active,2026-10-01 02:00:00
SUP001171,ENT004483,Ardale Industries S.A.,Professional Services,United States,30,Low,False,2017-07-24 00:00:00,Active,2026-10-01 02:00:00
SUP001172,ENT007496,Seldale Mining Co.,,Isle of Calder (fictional),45,Low,True,2025-11-07 00:00:00,Active,2026-10-01 02:00:00
SUP001173,ENT001338,Valport Pharma Co.,IT Services,France,45,Low,False,2019-10-19 00:00:00,Active,2026-10-01 02:00:00
SUP001174,ENT006362,Talen Robotics LLC,Events Services,United Kingdom,60,Low,False,2019-09-27 00:00:00,Active,2026-10-01 02:00:00
SUP001175,ENT007679,Morane Mining GmbH,Content Vendors,United States,60,Low,False,2014-05-07 00:00:00,Active,2026-10-01 02:00:00
SUP001176,ENT006166,Marix Capital PLC,Content Vendors,Japan,45,Medium,False,2015-06-26 00:00:00,Active,2026-10-01 02:00:00
SUP001177,ENT002956,Arvale Technologies Global 2 Ltd.,Events Services,Vietnam,45,Low,False,2023-11-27 00:00:00,Inactive,2026-10-01 02:00:00
SUP001178,ENT005743,Corith Analytics S.A.,Facilities,Malaysia,60,Low,False,2025-04-29 00:00:00,Blocked,2026-10-01 02:00:00
SUP001179,ENT005648,Calova Partners B.V.,Software,China,45,Medium,False,2022-12-10 00:00:00,Active,2026-10-01 02:00:00
SUP001180,ENT003359,Elbrook Trading Co.,IT Services,India,30,Low,False,2018-01-03 00:00:00,Inactive,2026-10-01 02:00:00
SUP001181,ENT008458,Galix Logistics Global 2 Inc.,Content Vendors,Philippines,60,Low,False,2025-05-09 00:00:00,Active,2026-10-01 02:00:00
SUP001182,ENT009220,Torith Biotech Inc.,IT Services,Japan,60,Medium,False,2015-03-23 00:00:00,Active,2026-10-01 02:00:00
SUP001183,ENT005209,Elith Labs GmbH,Events Services,Malaysia,30,Low,True,2023-10-11 00:00:00,Inactive,2026-10-01 02:00:00
SUP001184,ENT000762,Calora Trading PLC,,Japan,30,Low,False,2014-04-11 00:00:00,Active,2026-10-01 02:00:00
SUP001185,ENT000716,Orane Motors Co.,IT Services,Singapore,60,Low,True,2016-01-01 00:00:00,Active,2026-10-01 02:00:00
SUP001186,ENT000066,Halport Motors GmbH,Content Vendors,United States,30,Low,False,2019-11-08 00:00:00,Active,2026-10-01 02:00:00
SUP001187,ENT004262,Toren Robotics Co.,IT Services,South Africa,30,Low,False,2022-04-11 00:00:00,Active,2026-10-01 02:00:00
SUP001188,ENT003539,Lumix Biotech S.A.,Professional Services,Australia,30,Low,True,2016-04-18 00:00:00,Inactive,2026-10-01 02:00:00
SUP001189,ENT006862,Torlyn Technologies PLC,Facilities,Netherlands,30,High,False,2023-06-16 00:00:00,Active,2026-10-01 02:00:00
SUP001190,ENT007314,Istgate Finance Inc.,Software,United States,30,Low,False,2023-04-14 00:00:00,Active,2026-10-01 02:00:00
SUP001191,ENT001953,Wescrest Industries Pte. Ltd.,IT Services,Singapore,30,Low,True,2017-01-23 00:00:00,Active,2026-10-01 02:00:00
SUP001192,ENT001906,Istova Finance PLC,IT Services,United States,30,Medium,True,2022-09-30 00:00:00,Active,2026-10-01 02:00:00
SUP001193,ENT005241,Mormere Capital Corp.,Software,China,30,Medium,False,2019-01-18 00:00:00,Active,2026-10-01 02:00:00
SUP001194,ENT008608,Rosion Trading Co.,Travel,France,30,Low,False,2015-08-08 00:00:00,Inactive,2026-10-01 02:00:00
SUP001195,ENT000896,Doraris Biotech B.V.,Facilities,Australia,30,Low,False,2020-06-16 00:00:00,Inactive,2026-10-01 02:00:00
SUP001196,ENT003657,Istwick Partners Corp.,IT Services,Singapore,30,Low,True,2021-02-14 00:00:00,Active,2026-10-01 02:00:00
SUP001197,ENT006292,Alwick Pharma S.A.,Facilities,Brazil,30,Low,False,2019-12-30 00:00:00,Inactive,2026-10-01 02:00:00
SUP001198,ENT002731,Galgate Analytics PLC,Software,Philippines,30,Low,False,2026-04-27 00:00:00,Active,2026-10-01 02:00:00
SUP001199,ENT008323,Lumith Energy Inc.,Events Services,United States,30,Low,True,2020-01-10 00:00:00,Active,2026-10-01 02:00:00
SUP001200,ENT000338,,Content Vendors,Germany,30,Low,False,2014-12-31 00:00:00,Active,2026-10-01 02:00:00
SUP001201,ENT009188,Verora Media B.V.,Software,Netherlands,30,Low,False,2022-04-24 00:00:00,Active,2026-10-01 02:00:00
SUP001202,ENT001694,Bridale Health Inc.,Professional Services,Singapore,60,Low,False,2025-06-06 00:00:00,Active,2026-10-01 02:00:00
SUP001203,ENT004214,Venora Systems GmbH,IT Services,Brazil,30,Low,False,2025-06-02 00:00:00,Active,2026-10-01 02:00:00
SUP001204,ENT007040,Elford Technologies Ltd.,Software,United States,45,Low,False,2026-04-03 00:00:00,Blocked,2026-10-01 02:00:00
SUP001205,ENT008794,Istix Pharma PLC,Content Vendors,China,30,Medium,False,2015-09-16 00:00:00,Active,2026-10-01 02:00:00
SUP001206,ENT003963,Vendell Analytics Corp.,Software,United Kingdom,45,Medium,False,2019-08-03 00:00:00,Active,2026-10-01 02:00:00
SUP001207,ENT002759,Selara Technologies Pte. Ltd.,Facilities,Philippines,60,Low,False,2016-02-05 00:00:00,Active,2026-10-01 02:00:00
SUP001208,ENT009794,Arion Agritech K.K.,Content Vendors,United States,45,Low,False,2015-12-29 00:00:00,Active,2026-10-01 02:00:00
SUP001209,ENT003604,Beleon Consulting K.K.,Content Vendors,United States,30,Low,True,02/05/2019,Active,2026-10-01 02:00:00
SUP001210,ENT007441,Elane Labs S.A.,Travel,Germany,30,Medium,False,2020-11-09 00:00:00,Active,2026-10-01 02:00:00
SUP001211,ENT001540,Eleon Health GmbH,Software,Philippines,60,Low,False,2017-07-19 00:00:00,Active,2026-10-01 02:00:00
SUP001212,ENT002061,Belith Holdings K.K.,IT Services,Philippines,45,Low,False,2014-09-12 00:00:00,Active,2026-10-01 02:00:00
SUP001213,ENT007209,Belport Technologies K.K.,IT Services,United Kingdom,60,Low,False,2017-02-13 00:00:00,Active,2026-10-01 02:00:00
SUP001214,ENT008630,,IT Services,India,30,Low,True,17/08/2020,Active,2026-10-01 02:00:00
SUP001215,ENT004452,Kellyn Robotics K.K.,Events Services,Australia,30,Low,False,2019-02-06 00:00:00,Active,2026-10-01 02:00:00
SUP001216,ENT004776,Ordale Analytics Corp.,Events Services,Canada,45,Medium,False,2026-08-14 00:00:00,Active,2026-10-01 02:00:00
SUP001217,ENT007119,Halvale Capital Inc.,Software,Germany,30,Low,False,2017-01-16 00:00:00,Active,2026-10-01 02:00:00
SUP001218,ENT007874,Briaris Logistics LLC,Events Services,Brazil,45,Low,False,2026-01-30 00:00:00,Active,2026-10-01 02:00:00
SUP001219,ENT000720,Orlyn Foods Pte. Ltd.,IT Services,Philippines,45,Low,False,2020-07-14 00:00:00,Inactive,2026-10-01 02:00:00
SUP001220,ENT005186,Norlyn Capital GmbH,Facilities,India,60,Low,False,2025-03-18 00:00:00,Active,2026-10-01 02:00:00
SUP001221,ENT007355,Elport Trading Inc.,Data Providers,United States,30,Medium,True,2015-09-21 00:00:00,Active,2026-10-01 02:00:00
SUP001222,ENT005331,Corridge Labs Inc.,Events Services,United States,15,Low,False,2019-07-31 00:00:00,Inactive,2026-10-01 02:00:00
SUP001223,ENT003117,Allyn Textiles LLC,Software,France,45,Medium,False,2024-07-29 00:00:00,Active,2026-10-01 02:00:00
SUP001224,ENT006764,Ulvale Holdings GmbH,Professional Services,Brazil,30,Low,True,2022-03-17 00:00:00,Active,2026-10-01 02:00:00
SUP001225,ENT008194,Rosmere Capital Inc.,Data Providers,Netherlands,30,Low,False,2021-10-26 00:00:00,Active,2026-10-01 02:00:00
SUP001226,ENT008412,Seglate Trading S.A.,IT Services,China,60,Low,True,07/08/2015,Inactive,2026-10-01 02:00:00
SUP001227,ENT002860,Pelbrook Analytics GmbH,Content Vendors,Philippines,30,Low,False,2022-09-14 00:00:00,Inactive,2026-10-01 02:00:00
SUP001228,ENT003994,Verport Motors Corp.,IT Services,Germany,30,Low,False,2015-06-29 00:00:00,Active,2026-10-01 02:00:00
SUP001229,ENT008391,Quinford Foods K.K.,Professional Services,United States,30,Low,True,"Apr 27, 2020",Active,2026-10-01 02:00:00
SUP001230,ENT009403,Zanova Finance Pte. Ltd.,Data Providers,Indonesia,60,Low,True,2014-11-20 00:00:00,Inactive,2026-10-01 02:00:00
SUP001231,ENT007718,Briix Capital Corp.,Software,Canada,30,Low,False,2022-12-05 00:00:00,Active,2026-10-01 02:00:00
SUP001232,ENT006391,Coraris Analytics Co.,Professional Services,India,30,Low,False,2019-01-29 00:00:00,Active,2026-10-01 02:00:00
SUP001233,ENT000849,Tormora Agritech Ltd.,IT Services,Philippines,30,Low,False,2024-11-15 00:00:00,Active,2026-10-01 02:00:00
SUP001234,ENT005680,Seldell Media GmbH,Events Services,United States,30,Medium,False,2022-04-14 00:00:00,Active,2026-10-01 02:00:00
SUP001235,ENT000336,Talstone Foods B.V.,Professional Services,United States,45,Medium,True,2024-09-24 00:00:00,Active,2026-10-01 02:00:00
SUP001236,ENT009668,Morvanta Mining Pte. Ltd.,Professional Services,Japan,60,High,False,2019-03-28 00:00:00,Active,2026-10-01 02:00:00
SUP001237,ENT003424,Roswick Technologies S.A.,Professional Services,China,30,Low,False,2018-08-03 00:00:00,Active,2026-10-01 02:00:00
SUP001238,ENT001970,Istcrest Finance PLC,Content Vendors,UAE,30,Low,False,21/10/2020,Active,2026-10-01 02:00:00
SUP001239,ENT009578,Norcrest Systems GmbH,Professional Services,Japan,30,Low,False,2019-11-28 00:00:00,Active,2026-10-01 02:00:00
SUP001240,ENT005830,Galstone Capital LLC,,Philippines,45,High,False,2015-04-21 00:00:00,Active,2026-10-01 02:00:00
SUP001241,ENT008334,Eldell Mining GmbH,Content Vendors,United States,30,Medium,True,2023-04-26 00:00:00,Active,2026-10-01 02:00:00
SUP001242,ENT007270,Torova Pharma Inc.,Professional Services,India,30,Low,False,2023-09-18 00:00:00,Active,2026-10-01 02:00:00
SUP001243,ENT006278,,Content Vendors,Philippines,60,Medium,False,2025-09-24 00:00:00,Active,2026-10-01 02:00:00
SUP001244,ENT004327,Allyn Industries LLC,Professional Services,Canada,15,Medium,False,2017-06-16 00:00:00,Active,2026-10-01 02:00:00
SUP001245,ENT003785,Pelgate Biotech GmbH,,Philippines,15,Low,False,2017-09-19 00:00:00,Inactive,2026-10-01 02:00:00
SUP001246,ENT005272,Morara Mining Ltd.,IT Services,Philippines,45,High,False,2023-03-31 00:00:00,Active,2026-10-01 02:00:00
SUP001247,ENT002420,Talwick Consulting GmbH,Professional Services,United States,45,Low,False,2019-12-27 00:00:00,Active,2026-10-01 02:00:00
SUP001248,ENT001893,Quinridge Robotics Inc.,Data Providers,Germany,30,Low,False,2019-05-27 00:00:00,Active,2026-10-01 02:00:00
SUP001249,ENT006844,Galgate Energy S.A.,Travel,United States,60,Low,True,2014-02-24 00:00:00,Active,2026-10-01 02:00:00
SUP001250,ENT004104,Bricrest Foods Co.,Professional Services,United States,60,Low,False,2026-01-23 00:00:00,Inactive,2026-10-01 02:00:00
SUP001251,ENT006490,Quinport Biotech PLC,Software,India,30,Low,False,2023-08-28 00:00:00,Active,2026-10-01 02:00:00
SUP001252,ENT002472,Briford Systems LLC,Travel,United Kingdom,30,Low,False,2021-11-08 00:00:00,Active,2026-10-01 02:00:00
SUP001253,ENT008589,Kelvale Motors Inc.,IT Services,China,15,Low,False,2019-05-20 00:00:00,Active,2026-10-01 02:00:00
SUP001254,ENT007812,Feneon Media K.K.,IT Services,United States,30,Medium,True,2025-01-23 00:00:00,Active,2026-10-01 02:00:00
SUP001255,ENT007516,Quinvanta Mining Co.,Events Services,Indonesia,30,Medium,True,2018-11-23 00:00:00,Active,2026-10-01 02:00:00
SUP001256,ENT009402,  none ,Professional Services,Singapore,60,Low,False,2014-11-11 00:00:00,Active,2026-10-01 02:00:00
SUP001257,ENT009411,Pelcrest Insurance GmbH,Software,Japan,30,Medium,True,2018-08-28 00:00:00,Active,2026-10-01 02:00:00
SUP001258,ENT007947,Pelcrest Finance B.V.,Professional Services,Philippines,30,Low,False,2026-04-22 00:00:00,Active,2026-10-01 02:00:00
SUP001259,ENT003265,Verdell Technologies Pte. Ltd.,Professional Services,Singapore,30,Low,True,2018-07-16 00:00:00,Active,2026-10-01 02:00:00
SUP001260,ENT005895,Zancrest Analytics Pte. Ltd.,IT Services,Australia,30,Low,False,2026-04-03 00:00:00,Active,2026-10-01 02:00:00
SUP001261,ENT007315,,Facilities,United States,30,Low,True,2023-04-28 00:00:00,Active,2026-10-01 02:00:00
SUP001262,ENT002994,Elion Consulting Ltd.,Content Vendors,United States,30,High,False,2024-05-22 00:00:00,Active,2026-10-01 02:00:00
SUP001263,ENT008659,COREN LOGISTICS CO.,Content Vendors,Philippines,30,Low,True,2014-06-11 00:00:00,Active,2026-10-01 02:00:00
SUP001264,ENT006702,Pelhaven Logistics Corp.,Content Vendors,United States,30,Low,False,2020-08-10 00:00:00,Active,2026-10-01 02:00:00
SUP001265,ENT006756,Kelen Health LLC,Professional Services,United Kingdom,30,Low,False,2016-01-28 00:00:00,Active,2026-10-01 02:00:00
SUP001266,ENT001092,Algate Consulting Inc.,Software,Indonesia,30,Low,False,2019-01-02 00:00:00,Inactive,2026-10-01 02:00:00
SUP001267,ENT005575,Kelix Biotech B.V.,Software,India,45,Low,False,2021-07-09 00:00:00,Inactive,2026-10-01 02:00:00
SUP001268,ENT001883,Morstone Textiles Ltd.,Events Services,Germany,60,Low,True,2019-01-02 00:00:00,Inactive,2026-10-01 02:00:00
SUP001269,ENT004149,Fenlyn Technologies GmbH,Travel,United Kingdom,15,Low,True,2019-02-11 00:00:00,Active,2026-10-01 02:00:00
SUP001270,ENT002610,Vereon Analytics Co.,Travel,Singapore,30,Low,False,2018-09-10 00:00:00,Active,2026-10-01 02:00:00
SUP001271,ENT003474,Arova Holdings Corp.,Facilities,United States,30,Low,False,2022-03-09 00:00:00,Active,2026-11-06 02:00:00
SUP001272,ENT007034,Valane Consulting Ltd.,Facilities,United Kingdom,30,Low,False,2026-03-25 00:00:00,Active,2026-10-01 02:00:00
SUP001273,ENT003253,Selith Textiles K.K.,IT Services,Brazil,45,Low,False,2021-12-10 00:00:00,Active,2026-10-01 02:00:00
SUP001274,ENT009758,OrlynA gritech S.A.,Events Services,Indonesia,30,Low,False,2014-05-08 00:00:00,Active,2026-10-01 02:00:00
SUP001275,ENT008152,Kelridge Agritech B.V.,IT Services,Germany,45,Low,False,2017-12-22 00:00:00,Active,2026-10-01 02:00:00
SUP001276,ENT002170,Quinbrook Capital K.K.,Professional Services,United States,30,Medium,False,2014-04-07 00:00:00,Active,2026-10-01 02:00:00
SUP001277,ENT006290,Halvanta Finance Global 2 S.A.,IT Services,China,30,Low,False,24/04/2019,Active,2026-10-01 02:00:00
SUP001278,ENT005129,Fenara Packaging Co.,Travel,United States,30,Low,False,2014-05-27 00:00:00,Active,2026-10-01 02:00:00
SUP001279,ENT006602,Dorane Logistics Inc.,Travel,Germany,30,Low,False,2014-07-22 00:00:00,Active,2026-10-01 02:00:00
SUP001280,ENT000515,Rosen Mining Ltd.,,Singapore,30,Medium,False,2023-09-29 00:00:00,Blocked,2026-10-01 02:00:00
SUP001281,ENT008839,  fenara labs gmbh ,Professional Services,Germany,30,Low,True,2020-07-21 00:00:00,Active,2026-10-01 02:00:00
SUP001282,ENT006282,Galcrest Holdings GmbH,Software,Germany,45,Medium,True,2023-02-22 00:00:00,Active,2026-10-01 02:00:00
SUP001283,ENT001216,Selvale Logitsics Pte. Ltd.,Data Providers,United States,60,Low,False,2022-11-25 00:00:00,Active,2026-10-01 02:00:00
SUP001284,ENT007037,Ulmora Health S.A.,Facilities,China,45,Low,False,2024-04-01 00:00:00,Active,2026-10-01 02:00:00
SUP001285,ENT001142,Galmere Media K.K.,Events Services,Australia,60,Medium,True,2022-08-03 00:00:00,Active,2026-10-01 02:00:00
SUP001286,ENT000083,Brihaven Technologies PLC,Software,UAE,15,Low,True,2023-10-27 00:00:00,Active,2026-10-01 02:00:00
SUP001287,ENT009001,Valgate Insurance Ltd.,Travel,Philippines,60,Low,False,2025-05-19 00:00:00,Active,2026-10-01 02:00:00
SUP001288,ENT009501,Alara Systems Corp.,IT Services,Brazil,30,Low,False,"Jan 13, 2014",Active,2026-10-01 02:00:00
SUP001289,ENT007550,Kelix Technologies GmbH,Professional Services,Philippines,45,Medium,False,2020-03-27 00:00:00,Active,2026-10-01 02:00:00
SUP001290,ENT005524,Alara Mining LLC,IT Services,Vietnam,15,Low,True,2025-10-15 00:00:00,Active,2026-10-01 02:00:00
SUP001291,ENT005191,Calstone Biotech Pte. Ltd.,Facilities,Philippines,30,Low,False,2024-11-15 00:00:00,Active,2026-10-01 02:00:00
SUP001292,ENT001643,Selbrook Capital GmbH,Facilities,Philippines,60,Low,False,2024-02-16 00:00:00,Active,2026-10-01 02:00:00
SUP001293,ENT001233,Wesmora Mining GmbH,Events Services,United Kingdom,30,Low,True,2023-05-23 00:00:00,Active,2026-10-01 02:00:00
SUP001294,ENT002656,Belport Finance LLC,IT Services,Singapore,15,Low,False,2015-01-02 00:00:00,Active,2026-10-01 02:00:00
SUP001295,ENT005862,Corion Holdings Corp.,Data Providers,Canada,30,Low,True,2020-04-24 00:00:00,Active,2026-10-01 02:00:00
SUP001296,ENT004084,Normere Energy GmbH,Software,Japan,30,Low,False,2019-11-01 00:00:00,Active,2026-10-01 02:00:00
SUP001297,ENT008069,Isten Energy GmbH,Events Services,Vietnam,30,Medium,False,2026-02-26 00:00:00,Blocked,2026-10-01 02:00:00
SUP001298,ENT008110,Mordell Partners B.V.,IT Services,Ostrava Keys (fictional),15,Low,False,2021-06-29 00:00:00,Active,2026-10-01 02:00:00
SUP001299,ENT004036,Quinara Technologies GmbH,Events Services,United Kingdom,15,Low,False,2024-12-23 00:00:00,Blocked,2026-10-01 02:00:00
SUP001300,ENT003040,Ulion Pharma PLC,Software,Indonesia,60,Medium,False,2014-12-29 00:00:00,Active,2026-10-01 02:00:00
SUP001301,ENT009412,Norion Analytics K.K.,Software,India,45,Low,False,2024-04-10 00:00:00,Active,2026-10-01 02:00:00
SUP001302,ENT005076,Hallyn Technologies Pte. Ltd.,Facilities,Australia,60,Medium,False,2019-08-22 00:00:00,Active,2026-10-01 02:00:00
SUP001303,ENT006194,Zanion Foods LLC,Content Vendors,United Kingdom,30,Medium,False,2017-12-19 00:00:00,Active,2026-10-01 02:00:00
SUP001304,ENT005131,Kelhaven Consulting K.K.,Data Providers,Brazil,30,Low,False,2017-10-11 00:00:00,Active,2026-10-01 02:00:00
SUP001305,ENT009890,Aldale Consulting Ltd.,IT Services,United States,45,Low,False,2020-07-01 00:00:00,Active,2026-10-01 02:00:00
SUP001306,ENT005303,Brimora Mining Ltd.,Professional Services,Philippines,30,Low,False,2016-10-07 00:00:00,Active,2026-10-01 02:00:00
SUP001307,ENT002388,Halvanta Retail PLC,Software,Philippines,30,Low,False,2015-11-04 00:00:00,Active,2026-10-01 02:00:00
SUP001308,ENT005951,Wesova Consulting B.V.,Facilities,Brazil,60,Low,False,2017-04-28 00:00:00,Inactive,2026-10-01 02:00:00
SUP001309,ENT001969,Vallyn Textiles Pte. Ltd.,Travel,Singapore,30,Low,False,2023-01-11 00:00:00,Inactive,2026-10-01 02:00:00
SUP001310,ENT003110,Briova Textiles Inc.,Facilities,Malaysia,45,Low,False,2014-05-19 00:00:00,Active,2026-10-01 02:00:00
SUP001311,ENT004596,Rosport Health Pte. Ltd.,Travel,United States,30,Medium,False,2026-08-18 00:00:00,Active,2026-10-01 02:00:00
SUP001312,ENT005928,Valdale Industries S.A.,Software,India,30,Medium,True,2021-04-13 00:00:00,Active,2026-10-01 02:00:00
SUP001313,ENT006761,Lumdale Media GmbH,IT Services,UAE,15,Low,True,2018-02-19 00:00:00,Active,2026-10-01 02:00:00
SUP001314,ENT007523,Ormere Motors Corp.,Content Vendors,United States,30,High,True,2017-12-25 00:00:00,Active,2026-10-01 02:00:00
SUP001315,ENT005544,Rosane Agritech Pte. Ltd.,Travel,Canada,45,Low,True,2014-05-12 00:00:00,Inactive,2026-10-01 02:00:00
SUP001316,ENT009410,Alora Media Corp.,IT Services,United Kingdom,30,Low,False,2021-01-06 00:00:00,Active,2026-10-01 02:00:00
SUP001317,ENT001595,Ulvale Foods Pte. Ltd.,Software,Japan,60,Low,False,2024-04-30 00:00:00,Active,2026-10-01 02:00:00
SUP001318,ENT003118,Marara Packaging B.V.,Events Services,Japan,15,Medium,False,2018-02-06 00:00:00,Active,2026-10-01 02:00:00
SUP001319,ENT001051,Beldale Agritech K.K.,Software,United Kingdom,30,Low,False,2016-05-19 00:00:00,Blocked,2026-10-01 02:00:00
SUP001320,ENT002113,Keldale Consulting Pte. Ltd.,Facilities,Australia,30,Low,False,2025-12-09 00:00:00,Inactive,2026-10-01 02:00:00
SUP001321,ENT000595,Roslyn Trading Pte. Global 2 Ltd.,Facilities,United States,30,Low,False,"Mar 19, 2018",Active,2026-10-01 02:00:00
SUP001322,ENT002380,Calion Foods Corp.,Content Vendors,Singapore,30,Medium,False,2022-12-09 00:00:00,Active,2026-10-01 02:00:00
SUP001323,ENT005242,Belaris Motors Co.,Content Vendors,South Africa,30,Low,False,2022-04-26 00:00:00,Active,2026-10-01 02:00:00
SUP001324,ENT005091,Talora Retail PLC,Content Vendors,Australia,30,Low,True,2016-12-07 00:00:00,Active,2026-10-01 02:00:00
SUP001325,ENT003734,Morane Health B.V.,Travel,Philippines,30,Medium,False,2021-01-28 00:00:00,Active,2026-10-01 02:00:00
SUP001326,ENT002603,Marstone Holdings Ltd.,Data Providers,Australia,15,Low,False,2017-11-06 00:00:00,Active,2026-10-01 02:00:00
SUP001327,ENT003024,Galix Insurance Ltd.,Data Providers,United States,30,Low,False,2024-02-06 00:00:00,Active,2026-10-01 02:00:00
SUP001328,ENT008541,Marridge Media LLC,Facilities,UAE,30,Medium,False,"Mar 14, 2015",Active,2026-10-01 02:00:00
SUP001329,ENT008066,Arford Biotech Global 2 Corp.,IT Services,Germany,30,Low,True,2021-07-30 00:00:00,Active,2026-10-01 02:00:00
SUP001330,ENT009635,Venix Partners K.K.,Content Vendors,United Kingdom,30,Low,False,2026-08-25 00:00:00,Inactive,2026-10-01 02:00:00
SUP001331,ENT000075,Galdell Insurance Inc.,Content Vendors,United Kingdom,30,Low,False,2021-05-11 00:00:00,Inactive,2026-10-01 02:00:00
SUP001332,ENT009314,Venport Health LLC,IT Services,Malaysia,45,Low,False,2017-11-27 00:00:00,Active,2026-10-01 02:00:00
SUP001333,ENT003725,TORWICK HOLDINGS INC.,Professional Services,United Kingdom,60,Medium,True,07/12/2020,Active,2026-10-01 02:00:00
SUP001334,ENT004939,Istridge Energy K.K.,IT Services,Germany,60,High,False,2015-07-27 00:00:00,Active,2026-10-01 02:00:00
SUP001335,ENT008823,Talwick Packaging Pte. Ltd.,Facilities,United States,30,Low,False,2014-04-04 00:00:00,Active,2026-10-01 02:00:00
SUP001336,ENT005449,  ordale textiles inc. ,Facilities,Germany,30,Low,False,2017-07-31 00:00:00,Inactive,2026-10-01 02:00:00
SUP001337,ENT008146,Zanix Energy S.A.,Software,UAE,30,Medium,False,2015-11-02 00:00:00,Active,2026-10-01 02:00:00
SUP001338,ENT002119,Lumdale Technologies Pte. Ltd.,Software,Philippines,60,Low,False,2024-01-22 00:00:00,Active,2026-10-01 02:00:00
SUP001339,ENT000104,Ulgate Technologies Corp.,Travel,Philippines,45,Medium,True,2026-05-06 00:00:00,Active,2026-10-01 02:00:00
SUP001340,ENT002878,Calvanta Mining B.V.,Professional Services,Netherlands,45,Low,False,2014-04-22 00:00:00,Active,2026-10-01 02:00:00
SUP001341,ENT004732,Corbrook Agritech LLC,Travel,Japan,30,Low,False,2023-03-06 00:00:00,Active,2026-10-01 02:00:00
SUP001342,ENT002391,Wesane Systems Corp.,,United Kingdom,60,Medium,False,2020-03-03 00:00:00,Active,2026-10-01 02:00:00
SUP001343,ENT005692,Pelith Media Corp.,IT Services,United States,30,Medium,True,2023-08-30 00:00:00,Active,2026-10-01 02:00:00
SUP001344,ENT009833,Kelgate Finance B.V.,Facilities,Brazil,60,Low,False,2016-09-28 00:00:00,Active,2026-10-01 02:00:00
SUP001345,ENT006376,Briford Labs PLC,IT Services,Indonesia,30,Low,False,12/09/2019,Active,2026-10-01 02:00:00
SUP001346,ENT008834,Talford Media Pte. Ltd.,IT Services,UAE,30,Low,False,2016-05-05 00:00:00,Active,2026-10-01 02:00:00
SUP001347,ENT000198,Morhaven Analytics Ltd.,Content Vendors,India,15,Low,False,2025-08-07 00:00:00,Active,2026-10-01 02:00:00
SUP001348,ENT003694,Ulhaven Consulting Inc.,IT Services,Indonesia,30,Low,True,2016-10-07 00:00:00,Active,2026-10-01 02:00:00
SUP001349,ENT003341,Fenwick Health Inc.,Travel,Philippines,15,Low,False,2019-06-11 00:00:00,Active,2026-10-01 02:00:00
SUP001350,ENT004743,Corane Agritech K.K.,IT Services,China,30,Low,False,2022-06-22 00:00:00,Active,2026-10-01 02:00:00
SUP001351,ENT004392,Fenwick Motors PLC,IT Services,Germany,60,Low,False,2022-12-01 00:00:00,Active,2026-10-01 02:00:00
SUP001352,ENT007990,Keleon Mining K.K.,Professional Services,Brazil,30,Low,False,2022-07-11 00:00:00,Inactive,2026-10-01 02:00:00
SUP001353,ENT005867,Elane Motors LLC,Events Services,Australia,30,Low,True,2022-11-15 00:00:00,Active,2026-10-01 02:00:00
SUP001354,ENT002910,Selstone Health LLC,Content Vendors,Singapore,60,Medium,False,2017-06-30 00:00:00,Active,2026-10-01 02:00:00
SUP001355,ENT008453,Pelridge Health K.K.,Professional Services,Brazil,30,Low,False,2019-01-25 00:00:00,Active,2026-10-01 02:00:00
SUP001356,ENT004788,Pellyn Foods LLC,Facilities,India,30,Low,False,2022-08-26 00:00:00,Active,2026-10-01 02:00:00
SUP001357,ENT002844,Pelvanta Systems PLC,Travel,India,60,Low,False,2016-04-12 00:00:00,Active,2026-10-01 02:00:00
SUP001358,ENT007234,Orford Foods Co.,Professional Services,Philippines,45,Low,False,2017-09-13 00:00:00,Inactive,2026-10-01 02:00:00
SUP001359,ENT009540,Briion Foods B.V.,Professional Services,Philippines,30,High,False,2021-06-25 00:00:00,Active,2026-10-01 02:00:00
SUP001360,ENT002736,Pelix Insurance GmbH,Professional Services,United States,60,Low,False,2017-06-16 00:00:00,Active,2026-10-01 02:00:00
SUP001361,ENT000930,Talix Mining B.V.,Professional Services,France,60,Low,False,2015-01-28 00:00:00,Active,2026-10-01 02:00:00
SUP001362,ENT004473,Norane Capital Co.,Content Vendors,Brazil,60,Medium,False,2017-08-07 00:00:00,Active,2026-10-01 02:00:00
SUP001363,ENT008841,Zanane Agritech K.K.,Software,United States,30,Low,False,2018-01-19 00:00:00,Active,2026-10-01 02:00:00
SUP001364,ENT006468,Elaris Finance Pte. Ltd.,Software,Philippines,60,Medium,False,2020-02-10 00:00:00,Active,2026-10-01 02:00:00
SUP001365,ENT007720,Calstone Capital K.K.,IT Services,Philippines,30,Medium,False,2017-01-26 00:00:00,Active,2026-10-01 02:00:00
SUP001366,ENT005029,Belvale Logistics Inc.,Professional Services,China,60,Low,False,2026-06-09 00:00:00,Active,2026-10-01 02:00:00
SUP001367,ENT005780,Corcrest Foods LLC,IT Services,Philippines,30,Medium,True,2016-01-20 00:00:00,Inactive,2026-10-01 02:00:00
SUP001368,ENT002214,Kelridge Robotics Corp.,Data Providers,Malaysia,30,Low,False,2020-02-28 00:00:00,Active,2026-10-01 02:00:00
SUP001369,ENT000301,Corova Retail Corp.,Facilities,United States,30,Low,True,2022-12-05 00:00:00,Active,2026-10-01 02:00:00
SUP001370,ENT009989,Norara Technologies Inc.,Software,Indonesia,30,Low,False,2017-05-19 00:00:00,Active,2026-10-01 02:00:00
SUP001371,ENT006747,Alwick Robotics S.A.,Content Vendors,United Kingdom,30,Low,False,2018-11-12 00:00:00,Active,2026-10-01 02:00:00
SUP001372,ENT009799,Norford Technologies Ltd.,Content Vendors,Philippines,30,Low,False,2020-04-17 00:00:00,Active,2026-10-01 02:00:00
SUP001373,ENT008532,Ormora Finance Pte. Ltd.,IT Services,United States,45,Low,False,"Jun 15, 2026",Active,2026-10-01 02:00:00
SUP001374,ENT009861,Talridge Robotics PLC,Events Services,United Kingdom,30,Low,True,2025-03-13 00:00:00,Active,2026-10-01 02:00:00
SUP001375,ENT006622,Belvale Foods LLC,Software,Philippines,30,Low,False,2018-12-26 00:00:00,Active,2026-10-01 02:00:00
SUP001376,ENT001182,Rosova Retail Corp.,,Philippines,30,Medium,False,2025-08-01 00:00:00,Active,2026-10-01 02:00:00
SUP001377,ENT009502,Rosridge Packaging LLC,Software,Canada,60,Low,False,2022-09-15 00:00:00,Active,2026-10-01 02:00:00
SUP001378,ENT005809,Halix Packaging GmbH,Software,China,30,Low,False,2017-07-14 00:00:00,Active,2026-10-01 02:00:00
SUP001379,ENT005352,Verane Industries Corp.,Content Vendors,Philippines,30,Low,False,2022-05-23 00:00:00,Active,2026-10-01 02:00:00
SUP001380,ENT003513,Wescrest Pharma Ltd.,Software,Indonesia,60,Low,True,2024-03-19 00:00:00,Active,2026-10-01 02:00:00
SUP001381,ENT005602,Lumport Packaging Co.,Software,Philippines,30,Medium,False,2022-01-17 00:00:00,Inactive,2026-10-01 02:00:00
SUP001382,ENT000148,Talith Labs LLC,Travel,Germany,45,Medium,False,2022-03-21 00:00:00,Active,2026-10-01 02:00:00
SUP001383,ENT001287,Talgate Biotech Pte. Ltd.,IT Services,Japan,60,Low,False,2022-02-18 00:00:00,Inactive,2026-10-01 02:00:00
SUP001384,ENT001343,Quinvale Robotic sInc.,Travel,United States,30,Low,False,2016-06-08 00:00:00,Active,2026-10-01 02:00:00
SUP001385,ENT004151,Fenmora Retail PLC,Professional Services,India,30,Low,False,2024-10-11 00:00:00,Active,2026-10-01 02:00:00
SUP001386,ENT008474,Oren Foods Pte. Global 2 Ltd.,IT Services,Australia,30,Low,False,2024-04-22 00:00:00,Blocked,2026-10-01 02:00:00
SUP001387,ENT004981,Ormora Finance GmbH,Professional Services,Vietnam,30,Low,False,2020-07-03 00:00:00,Active,2026-10-01 02:00:00
SUP001388,ENT005159,Valane Packaging Co.,Data Providers,Philippines,30,Low,False,2025-04-10 00:00:00,Active,2026-10-01 02:00:00
SUP001389,ENT008819,Norvanta Industries PLC,Content Vendors,Indonesia,45,Low,False,2019-06-14 00:00:00,Active,2026-10-01 02:00:00
SUP001390,ENT000402,Norstone Robotics LLC,Software,United States,30,Medium,False,2021-04-29 00:00:00,Active,2026-10-01 02:00:00
SUP001391,ENT003680,Calane Technologies Pte. Ltd.,IT Services,Germany,30,Low,False,2022-11-13 00:00:00,Active,2026-10-01 02:00:00
SUP001392,ENT007421,Ulora Analytics PLC,Content Vendors,India,30,Medium,True,2014-03-21 00:00:00,Active,2026-10-01 02:00:00
SUP001393,ENT009658,Kelen Retail Pte. Ltd.,Content Vendors,Singapore,45,Medium,False,2024-11-13 00:00:00,Active,2026-10-01 02:00:00
SUP001394,ENT007296,Eldell Mining Ltd.,Facilities,India,30,Low,False,2020-09-09 00:00:00,Active,2026-10-01 02:00:00
SUP001395,ENT006729,Zanara Technologies K.K.,Professional Services,France,60,Low,False,29/03/2018,Active,2026-10-01 02:00:00
SUP001396,ENT004717,Calix MotorsL LC,Content Vendors,India,60,Low,False,2025-01-17 00:00:00,Active,2026-10-01 02:00:00
SUP001397,ENT008950,Norith Retail LLC,Professional Services,United States,45,Low,False,13/10/2023,Active,2026-10-01 02:00:00
SUP001398,ENT000610,Wesion Mining S.A.,IT Services,Philippines,15,Low,True,2025-03-05 00:00:00,Active,2026-10-01 02:00:00
SUP001399,ENT007882,Orstone Energy Ltd.,Professional Services,United Kingdom,60,Low,True,2023-05-18 00:00:00,Active,2026-10-01 02:00:00
SUP001400,ENT005361,Alvanta Pharma Corp.,Events Services,Singapore,45,Low,False,2015-03-30 00:00:00,Active,2026-10-01 02:00:00
SUP001401,ENT008285,Quinmora Capital B.V.,Content Vendors,United States,45,Low,False,2025-12-12 00:00:00,Active,2026-10-01 02:00:00
SUP001402,ENT002022,Zandale Trading Pte. Ltd.,Content Vendors,Netherlands,30,Low,False,"Oct 17, 2022",Active,2026-10-01 02:00:00
SUP001403,ENT007253,Marion Partners Pte. Ltd.,IT Services,United States,30,Low,False,2020-12-08 00:00:00,Active,2026-10-01 02:00:00
SUP001404,ENT005545,Brimere Insurance Pte. Ltd.,Professional Services,India,60,Low,False,2019-01-07 00:00:00,Active,2026-10-01 02:00:00
SUP001405,ENT007690,Corvale Trading S.A.,Data Providers,United States,60,Medium,False,2020-05-07 00:00:00,Active,2026-10-01 02:00:00
SUP001406,ENT008221,Arport Trading PLC,,United States,30,Low,False,2014-03-05 00:00:00,Active,2026-10-01 02:00:00
SUP001407,ENT007606,Halhaven Pharma K.K.,Facilities,United States,30,Medium,False,2023-07-07 00:00:00,Active,2026-10-01 02:00:00
SUP001408,ENT009996,,Content Vendors,Philippines,30,Low,True,2022-05-23 00:00:00,Active,2026-10-01 02:00:00
SUP001409,ENT000468,Calport Motors Ltd.,IT Services,India,60,Medium,False,2020-01-01 00:00:00,Active,2026-10-01 02:00:00
SUP001410,ENT007127,Elen Finance B.V.,Professional Services,China,30,Medium,False,2018-04-27 00:00:00,Blocked,2026-10-01 02:00:00
SUP001411,ENT009853,Kelbrook Mining Co.,Travel,India,30,Low,False,2015-08-18 00:00:00,Active,2026-10-01 02:00:00
SUP001412,ENT001044,Galvanta Motors Pte. Ltd.,Professional Services,Brazil,45,Medium,False,2023-12-14 00:00:00,Active,2026-10-01 02:00:00
SUP001413,ENT007136,Venova Foods K.K.,IT Services,Germany,30,Low,False,2019-12-27 00:00:00,Active,2026-10-01 02:00:00
SUP001414,ENT002951,Verion Trading B.V.,Professional Services,Indonesia,30,Low,False,18/03/2024,Active,2026-10-01 02:00:00
SUP001415,ENT006936,Brivanta Health GmbH,IT Services,Vietnam,60,Medium,False,2018-05-02 00:00:00,Active,2026-10-01 02:00:00
SUP001416,ENT003985,Caleon Consulting PLC,Events Services,Germany,45,Medium,False,2023-07-31 00:00:00,Active,2026-10-01 02:00:00
SUP001417,ENT009389,Keleon Analytics Corp.,Software,France,30,Low,False,2014-04-21 00:00:00,Active,2026-10-01 02:00:00
SUP001418,ENT007451,Zanith Pharma Ltd.,Events Services,UAE,30,High,False,2016-01-29 00:00:00,Inactive,2026-10-01 02:00:00
SUP001419,ENT000913,Wesith Insurance Pte. Ltd.,Software,South Africa,30,Low,False,2026-08-10 00:00:00,Active,2026-10-01 02:00:00
SUP001420,ENT003717,Pelgate Logistics Pte. Ltd.,IT Services,Singapore,30,Low,False,2025-01-23 00:00:00,Active,2026-10-01 02:00:00
SUP001421,ENT007453,Zanwick Motors K.K.,IT Services,France,60,Low,False,2019-05-02 00:00:00,Active,2026-10-01 02:00:00
SUP001422,ENT008253,Mararis Finance Co.,Events Services,Singapore,60,Low,False,2014-04-12 00:00:00,Active,2026-10-01 02:00:00
SUP001423,ENT004357,Arstone Consulting Ltd.,Software,Germany,60,Medium,True,02/01/2025,Active,2026-10-01 02:00:00
SUP001424,ENT009405,Ele nEnergy Pte. Ltd.,Professional Services,United Kingdom,60,Medium,False,2023-11-27 00:00:00,Active,2026-10-01 02:00:00
SUP001425,ENT003097,Elion Industries K.K.,Events Services,United States,30,Low,False,2019-02-20 00:00:00,Active,2026-10-01 02:00:00
SUP001426,ENT000503,Talvanta Insurance B.V.,IT Services,United States,30,Low,False,2024-02-13 00:00:00,Active,2026-10-01 02:00:00
SUP001427,ENT003271,Morora Finance PLC,Professional Services,United States,30,Low,True,2022-02-03 00:00:00,Active,2026-10-01 02:00:00
SUP001428,ENT007107,Rosstone Consulting Co.,Content Vendors,Canada,15,Low,False,2024-06-24 00:00:00,Active,2026-10-01 02:00:00
SUP001429,ENT007377,Cordale Capital Ltd.,Content Vendors,Philippines,30,Low,True,2016-02-19 00:00:00,Active,2026-10-01 02:00:00
SUP001430,ENT008457,Dormere Biotech Co.,Content Vendors,Singapore,30,Low,False,2017-11-02 00:00:00,Inactive,2026-10-01 02:00:00
SUP001431,ENT004778,Peldale Mining Corp.,IT Services,Germany,30,Low,False,2017-11-24 00:00:00,Inactive,2026-10-01 02:00:00
SUP001432,ENT007647,Kelwick Mining GmbH,IT Services,India,30,Low,True,2016-08-18 00:00:00,Active,2026-10-01 02:00:00
SUP001433,ENT003054,,IT Services,United States,30,Medium,False,2015-08-27 00:00:00,Active,2026-10-01 02:00:00
SUP001434,ENT006298,ELWICK TECHNOLOGIES PLC,IT Services,Japan,60,Low,False,2016-05-30 00:00:00,Blocked,2026-10-01 02:00:00
SUP001435,ENT003400,Verara Insurance K.K.,Software,Philippines,45,Low,False,2014-01-31 00:00:00,Active,2026-10-01 02:00:00
SUP001436,ENT006354,Bellyn Packaging Corp.,IT Services,Philippines,30,Low,False,2017-06-02 00:00:00,Inactive,2026-10-01 02:00:00
SUP001437,ENT004312,Brivanta Packaging Pte. Ltd.,Data Providers,France,30,Medium,False,2024-06-18 00:00:00,Active,2026-10-01 02:00:00
SUP001438,ENT004031,Belport Systems Corp.,Software,Japan,45,Low,True,2021-07-20 00:00:00,Active,2026-10-01 02:00:00
SUP001439,ENT004534,Dormora Finance Ltd.,Travel,United States,30,Low,False,2014-10-31 00:00:00,Active,2026-10-01 02:00:00
SUP001440,ENT000899,Dorane Agritech Co.,Events Services,UAE,30,Low,False,2019-06-13 00:00:00,Active,2026-10-01 02:00:00
SUP001441,ENT009254,,Software,China,60,Low,True,2017-06-19 00:00:00,Active,2026-10-01 02:00:00
SUP001442,ENT007570,Belion Motors S.A.,Professional Services,Australia,30,Low,False,2022-10-31 00:00:00,Active,2026-10-11 02:00:00
SUP001443,ENT007544,Vermora Industries Pte. Ltd.,Professional Services,South Africa,30,Low,False,2014-05-21 00:00:00,Active,2026-10-01 02:00:00
SUP001444,ENT002406,Wesgate Systems Ltd.,Content Vendors,Philippines,15,Medium,False,2014-10-13 00:00:00,Inactive,2026-10-01 02:00:00
SUP001445,ENT001571,Istaris Consulting S.A.,Content Vendors,Canada,60,Low,False,2015-06-22 00:00:00,Active,2026-10-01 02:00:00
SUP001446,ENT009173,Orvanta Capital Inc.,IT Services,Canada,60,Low,False,2024-12-17 00:00:00,Inactive,2026-10-01 02:00:00
SUP001447,ENT002725,,Software,Japan,45,Low,False,2020-01-27 00:00:00,Active,2026-10-01 02:00:00
SUP001448,ENT008699,Pelara Pharma K.K.,Travel,Canada,30,Low,True,2016-11-07 00:00:00,Active,2026-10-01 02:00:00
SUP001449,ENT006671,Norstone Industries S.A.,Travel,South Africa,30,Low,False,2020-03-11 00:00:00,Inactive,2026-10-01 02:00:00
SUP001450,ENT008419,Bricrest Insurance B.V.,Professional Services,Japan,45,Low,False,2022-08-01 00:00:00,Active,2026-10-01 02:00:00
SUP001451,ENT006789,Torstone Insurance PLC,Software,United Kingdom,30,Low,False,2025-02-11 00:00:00,Active,2026-10-01 02:00:00
SUP001452,ENT001537,Galbrook Pharma B.V.,IT Services,Canada,60,Medium,False,2025-04-15 00:00:00,Active,2026-10-01 02:00:00
SUP001453,ENT003113,Zanvanta Biotech Corp.,Events Services,Netherlands,45,Low,False,2025-03-04 00:00:00,Active,2026-10-01 02:00:00
SUP001454,ENT007692,Quinova Industries Inc.,Content Vendors,United Kingdom,30,Low,False,2025-03-10 00:00:00,Active,2026-10-01 02:00:00
SUP001455,ENT005036,Ulane Logistics K.K.,Professional Services,China,45,Medium,True,2015-02-09 00:00:00,Active,2026-10-01 02:00:00
SUP001456,ENT006057,Marford Biotech S.A.,Content Vendors,Brazil,45,Low,False,2026-06-23 00:00:00,Active,2026-10-01 02:00:00
SUP001457,ENT004424,Wesaris Foods S.A.,Facilities,United Kingdom,30,Medium,False,2018-02-23 00:00:00,Active,2026-10-01 02:00:00
SUP001458,ENT003506,Norgate Industries Ltd.,Travel,Germany,45,Low,False,2017-02-03 00:00:00,Active,2026-10-01 02:00:00
SUP001459,ENT001259,  belora motors gmbh ,Software,Germany,30,Low,True,2024-05-09 00:00:00,Active,2026-10-01 02:00:00
SUP001460,ENT001454,Kelmere Biotech Co.,Data Providers,United States,45,Low,False,2015-05-18 00:00:00,Active,2026-10-01 02:00:00
SUP001461,ENT004448,Istion Holdings Pte. Ltd.,Content Vendors,Netherlands,30,Low,False,2025-08-15 00:00:00,Active,2026-10-01 02:00:00
SUP001462,ENT008574,Pelvale Trading B.V.,Events Services,Japan,60,Low,False,2020-07-13 00:00:00,Active,2026-10-01 02:00:00
SUP001463,ENT002366,,Travel,Japan,30,Low,False,2021-04-23 00:00:00,Active,2026-10-01 02:00:00
SUP001464,ENT003412,Tolryn Partners GmbH,Software,UAE,45,Low,False,26/05/2017,Active,2026-10-01 02:00:00
SUP001465,ENT009630,Halmere Robotics Co.,Events Services,Canada,30,Medium,True,2022-03-30 00:00:00,Active,2026-10-01 02:00:00
SUP001466,ENT004823,Iststone Trading PLC,Software,United States,60,Low,False,2017-08-30 00:00:00,Active,2026-10-01 02:00:00
SUP001467,ENT006769,Morbrook Textiles LLC,Events Services,Brazil,30,Low,False,2023-02-03 00:00:00,Active,2026-10-01 02:00:00
SUP001468,ENT001804,Valix Logistics Corp.,Professional Services,Indonesia,30,Medium,False,2018-12-11 00:00:00,Active,2026-10-01 02:00:00
SUP001469,ENT000069,Morora Analytics B.V.,IT Services,Germany,45,Low,True,2021-02-26 00:00:00,Active,2026-10-01 02:00:00
SUP001470,ENT009839,Galvanta Labs S.A.,Content Vendors,Philippines,15,Low,False,2023-11-13 00:00:00,Active,2026-10-01 02:00:00
SUP001471,ENT005681,Morstone Trading Inc.,Professional Services,India,30,Low,True,2024-12-19 00:00:00,Active,2026-10-01 02:00:00
SUP001472,ENT004365,Norith Motors B.V.,Data Providers,Philippines,30,Low,True,2025-05-03 00:00:00,Active,2026-10-01 02:00:00
SUP001473,ENT006446,ORBROOK TEXTILES CO.,Professional Services,United Kingdom,30,Low,False,2023-12-01 00:00:00,Active,2026-10-01 02:00:00
SUP001474,ENT006669,Rosvanta FoodsI nc.,Software,Indonesia,45,Low,True,11/03/2022,Active,2026-10-01 02:00:00
SUP001475,ENT006243,Verix Motors LLC,Data Providers,Canada,30,Low,False,2021-06-08 00:00:00,Active,2026-10-01 02:00:00
SUP001476,ENT008675,Orith Systems Pte. Ltd.,Professional Services,Malaysia,30,Low,False,2015-01-29 00:00:00,Active,2026-10-01 02:00:00
SUP001477,ENT003696,Halridge Insurance Inc.,Content Vendors,Indonesia,30,High,False,2026-05-19 00:00:00,Inactive,2026-10-01 02:00:00
SUP001478,ENT001492,Wesara Biotech Ltd.,Events Services,Singapore,30,Low,True,2023-03-10 00:00:00,Active,2026-10-01 02:00:00
SUP001479,ENT001452,Morane Mining Corp.,Professional Services,Netherlands,30,Medium,False,2024-12-05 00:00:00,Active,2026-10-01 02:00:00
SUP001480,ENT002558,Moraris Industries Ltd.,Content Vendors,Germany,30,Medium,False,2025-01-15 00:00:00,Active,2026-10-01 02:00:00
SUP001481,ENT006541,Zanith Logistics LLC,Data Providers,Australia,45,Low,False,2016-05-27 00:00:00,Active,2026-10-01 02:00:00
SUP001482,ENT004987,Elara Health Corp.,,United States,30,Low,False,2014-04-21 00:00:00,Active,2026-10-01 02:00:00
SUP001483,ENT004710,Corford Textiles Inc.,Professional Services,Philippines,30,Medium,False,2020-11-18 00:00:00,Inactive,2026-10-01 02:00:00
SUP001484,ENT004242,Wesara Capital Pte. Ltd.,IT Services,Philippines,30,Low,False,2025-01-22 00:00:00,Active,2026-10-01 02:00:00
SUP001485,ENT004825,Verwick Finance Corp.,Software,India,30,Medium,False,2022-04-01 00:00:00,Active,2026-10-01 02:00:00
SUP001486,ENT003044,Zanion Consulting Ltd.,Content Vendors,Indonesia,45,Low,False,16/12/2015,Active,2026-10-01 02:00:00
SUP001487,ENT008154,Venova Retail Ltd.,Data Providers,Malaysia,30,Low,False,2026-06-29 00:00:00,Active,2026-10-01 02:00:00
SUP001488,ENT003795,Dorora Insurance GmbH,Travel,Singapore,60,Medium,False,2018-07-27 00:00:00,Active,2026-10-01 02:00:00
SUP001489,ENT008625,Briion Biotech Co.,Software,Netherlands,30,Low,False,2019-02-01 00:00:00,Active,2026-10-01 02:00:00
SUP001490,ENT005553,Ulhaven Pharma Inc.,Professional Services,United States,60,Low,False,2022-02-04 00:00:00,Active,2026-10-01 02:00:00
SUP001491,ENT002200,Arhaven Finance Inc.,IT Services,United States,45,Low,False,2024-08-23 00:00:00,Active,2026-10-01 02:00:00
SUP001492,ENT007818,Galwick Capital K.K.,Events Services,Japan,30,Medium,False,2024-07-22 00:00:00,Active,2026-10-01 02:00:00
SUP001493,ENT000520,Kelora Consulting Corp.,Professional Services,Netherlands,60,Low,False,2020-11-05 00:00:00,Active,2026-10-01 02:00:00
SUP001494,ENT009628,Morara Mining B.V.,Software,Netherlands,45,Low,False,2021-09-15 00:00:00,Active,2026-10-01 02:00:00
SUP001495,ENT005987,Orbrook Robotics Co.,Travel,Philippines,15,Low,False,2021-05-28 00:00:00,Active,2026-10-01 02:00:00
SUP001496,ENT008894,Lumith Media GmbH,Data Providers,Japan,30,Low,True,2024-05-13 00:00:00,Active,2026-10-01 02:00:00
SUP001497,ENT009511,  belaris systems corp. ,Facilities,UAE,45,Low,False,15/06/2015,Inactive,2026-10-01 02:00:00
SUP001498,ENT005483,,Content Vendors,United States,15,Low,False,2019-02-18 00:00:00,Active,2026-10-01 02:00:00
SUP001499,ENT008747,Ullyn Biotech Pte. Ltd.,Professional Services,Philippines,30,Low,False,2021-06-01 00:00:00,Active,2026-10-01 02:00:00
SUP001500,ENT005548,Zanmere Analytics Co.,Facilities,China,30,Medium,False,2016-03-03 00:00:00,Active,2026-10-01 02:00:00
SUP001501,ENT007891,Lumdell Retail PLC,Software,Philippines,30,Low,False,2016-10-24 00:00:00,Active,2026-10-01 02:00:00
SUP001502,ENT008748,Belane Industries S.A.,Travel,Philippines,60,Low,False,2016-12-20 00:00:00,Inactive,2026-10-01 02:00:00
SUP001503,ENT007625,Fenane Agritech LLC,Content Vendors,Germany,60,Medium,False,2022-10-10 00:00:00,Active,2026-10-01 02:00:00
SUP001504,ENT001577,Lumion Health K.K.,IT Services,United States,60,Low,False,2016-04-27 00:00:00,Active,2026-10-01 02:00:00
SUP001505,ENT005045,Elridge Foods Co.,Professional Services,Singapore,30,Low,False,2019-11-20 00:00:00,Active,2026-11-03 02:00:00
SUP001506,ENT009914,Zanmere Trading Pte. Ltd.,Data Providers,India,15,Medium,True,2026-02-20 00:00:00,Active,2026-10-01 02:00:00
SUP001507,ENT008286,Ularis Capital Inc.,Content Vendors,Japan,45,Low,False,2025-08-12 00:00:00,Active,2026-10-01 02:00:00
SUP001508,ENT001517,Talora Mining Inc.,Data Providers,United States,45,Medium,False,2018-04-17 00:00:00,Active,2026-10-01 02:00:00
SUP001509,ENT008187,Istport Health Inc.,Content Vendors,Philippines,60,High,True,2023-06-08 00:00:00,Active,2026-10-01 02:00:00
SUP001510,ENT006744,Norridge Agritech Corp.,,United States,30,Low,False,2015-12-16 00:00:00,Active,2026-10-01 02:00:00
SUP001511,ENT002781,Ordale Trading B.V.,Facilities,Germany,60,Low,False,2022-04-14 00:00:00,Active,2026-10-01 02:00:00
SUP001512,ENT004537,Selhaven Partners Corp.,Data Providers,Philippines,45,Low,True,2015-08-19 00:00:00,Active,2026-10-01 02:00:00
SUP001513,ENT001250,Rosbrook Systems Ltd.,Content Vendors,Malaysia,30,Low,False,2020-05-17 00:00:00,Active,2026-10-01 02:00:00
SUP001514,ENT003570,Elane Packaging K.K.,Professional Services,Philippines,30,Low,False,2015-06-08 00:00:00,Active,2026-10-01 02:00:00
SUP001515,ENT003809,Quinara Motors Corp.,IT Services,United States,30,Medium,False,2021-02-03 00:00:00,Active,2026-10-01 02:00:00
SUP001516,ENT006733,Belstone Partners Ltd.,Content Vendors,United Kingdom,60,Low,False,2014-11-07 00:00:00,Active,2026-10-01 02:00:00
SUP001517,ENT007819,Bristone Foods GmbH,Events Services,United Kingdom,30,Low,True,2015-07-06 00:00:00,Active,2026-10-01 02:00:00
SUP001518,ENT003456,Istvanta Holdings LLC,,Germany,30,Medium,True,2023-04-28 00:00:00,Inactive,2026-10-01 02:00:00
SUP001519,ENT008603,Selix Media Co.,Data Providers,Canada,45,High,False,2026-06-10 00:00:00,Active,2026-10-01 02:00:00
SUP001520,ENT001098,Torport Labs Corp.,Professional Services,Brazil,30,Low,True,06/06/2023,Active,2026-10-01 02:00:00
SUP001521,ENT006994,Galgate Insurance Ltd.,Content Vendors,United States,30,Low,False,2014-01-09 00:00:00,Active,2026-10-01 02:00:00
SUP001522,ENT005898,Pelora Media LLC,IT Services,Germany,30,Medium,False,2018-07-05 00:00:00,Active,2026-10-01 02:00:00
SUP001523,ENT003693,Ullyn Holdings Co.,Content Vendors,United States,30,Medium,True,2023-11-23 00:00:00,Active,2026-10-01 02:00:00
SUP001524,ENT003087,Arion Pharma Co.,Facilities,Philippines,15,Low,True,2025-07-08 00:00:00,Active,2026-10-01 02:00:00
SUP001525,ENT006048,Wesport Labs K.K.,Facilities,Singapore,15,Low,True,2021-09-21 00:00:00,Active,2026-10-01 02:00:00
SUP001526,ENT008484,Wesion Trading Pte. Ltd.,Software,Brazil,30,Low,False,2020-08-05 00:00:00,Active,2026-10-01 02:00:00
SUP001527,ENT003414,Orara Motors Pte. Ltd.,Software,China,45,Low,False,21/01/2019,Inactive,2026-10-01 02:00:00
SUP001528,ENT005840,Venford Media K.K.,Data Providers,United Kingdom,30,Medium,False,2018-03-09 00:00:00,Active,2026-10-01 02:00:00
SUP001529,ENT006372,Galith Textiles K.K.,Data Providers,China,15,Low,True,2014-09-05 00:00:00,Active,2026-10-01 02:00:00
SUP001530,ENT008622,Lummora Media K.K.,Facilities,India,60,Low,False,2018-07-02 00:00:00,Active,2026-10-01 02:00:00
SUP001531,ENT009969,VALARIS MINING LTD.,Professional Services,Canada,15,Low,False,2021-02-18 00:00:00,Active,2026-10-01 02:00:00
SUP001532,ENT003437,Corith Systems S.A.,IT Services,United States,30,Low,False,2014-01-08 00:00:00,Active,2026-10-01 02:00:00
SUP001533,ENT001003,Orridge Pharma Corp.,Travel,Germany,30,Low,False,2015-04-23 00:00:00,Active,2026-10-01 02:00:00
SUP001534,ENT003448,Brimere Textiles LLC,Data Providers,United States,15,Low,False,2017-09-15 00:00:00,Active,2026-10-01 02:00:00
SUP001535,ENT009500,Torcrest Insurance Ltd.,IT Services,Malaysia,30,Low,False,2022-12-13 00:00:00,Active,2026-10-01 02:00:00
SUP001536,ENT000759,Wesdale Motors GmbH,IT Services,China,60,Medium,False,2015-04-24 00:00:00,Inactive,2026-10-01 02:00:00
SUP001537,ENT008330,Talvanta Analytics LLC,Facilities,Philippines,45,Low,False,2016-12-19 00:00:00,Active,2026-10-01 02:00:00
SUP001538,ENT009689,Quinmora Pharma PLC,Software,Singapore,60,Low,False,2022-09-23 00:00:00,Active,2026-10-01 02:00:00
SUP001539,ENT002549,Elvanta Holdings B.V.,Content Vendors,UAE,30,Low,False,2014-11-18 00:00:00,Blocked,2026-10-01 02:00:00
SUP001540,ENT004445,Galane Holdings Corp.,IT Services,Japan,30,Low,False,2017-04-11 00:00:00,Active,2026-10-01 02:00:00
SUP001541,ENT005805,Fenix Agritech Ltd.,IT Services,United States,30,Low,False,2020-06-29 00:00:00,Active,2026-10-01 02:00:00
SUP001542,ENT002154,Selford Agritech K.K.,Travel,India,30,Low,True,2019-07-04 00:00:00,Inactive,2026-10-01 02:00:00
SUP001543,ENT007350,Istwick Systems PLC,Facilities,Germany,45,Low,False,2024-12-26 00:00:00,Active,2026-10-01 02:00:00
SUP001544,ENT000940,Alvale Biotech Co.,Software,United States,60,Low,False,2023-03-28 00:00:00,Active,2026-10-01 02:00:00
SUP001545,ENT006078,Galion Labs Inc.,Professional Services,China,30,Low,False,2017-07-19 00:00:00,Active,2026-10-01 02:00:00
SUP001546,ENT002175,Vervale Foods LLC,Facilities,United States,30,Low,False,2023-06-26 00:00:00,Active,2026-10-01 02:00:00
SUP001547,ENT000141,Moren Health GmbH,Travel,United Kingdom,45,Medium,False,2025-11-26 00:00:00,Active,2026-10-01 02:00:00
SUP001548,ENT003647,Halridge Insurance PLC,Professional Services,India,30,Medium,False,2019-08-06 00:00:00,Active,2026-10-01 02:00:00
SUP001549,ENT005930,Doreon Consulting Pte. Ltd.,Events Services,Malaysia,30,Low,False,2015-07-22 00:00:00,Inactive,2026-10-01 02:00:00
SUP001550,ENT008763,Fenmora Packaging Corp.,Facilities,United States,30,Low,False,2024-08-30 00:00:00,Active,2026-10-01 02:00:00
SUP001551,ENT001195,Cordale Partners PLC,IT Services,United States,30,Low,False,2019-08-23 00:00:00,Active,2026-10-01 02:00:00
SUP001552,ENT004518,Marora Textiles PLC,IT Services,France,30,Low,False,2025-07-14 00:00:00,Active,2026-10-01 02:00:00
SUP001553,ENT000284,Galstone Pharma Corp.,IT Services,Netherlands,30,Low,False,2024-10-11 00:00:00,Active,2026-10-01 02:00:00
SUP001554,ENT006508,Calbrook Pharma Global 2 PLC,Travel,United States,30,Low,True,2025-12-24 00:00:00,Active,2026-10-01 02:00:00
SUP001555,ENT005864,Valix Mining Ltd.,Professional Services,United States,45,Low,False,2022-10-18 00:00:00,Active,2026-10-01 02:00:00
SUP001556,ENT007777,Marion Retail K.K.,Professional Services,Japan,60,Low,False,2026-02-26 00:00:00,Active,2026-10-01 02:00:00
SUP001557,ENT004340,Belford Retail GmbH,Professional Services,China,30,Low,False,2020-04-17 00:00:00,Active,2026-10-01 02:00:00
SUP001558,ENT007584,Halridge Insurance Global 2 Inc.,Facilities,Singapore,60,Low,False,2014-10-01 00:00:00,Inactive,2026-10-01 02:00:00
SUP001559,ENT009701,Verstone Labs Corp.,Events Services,India,60,Low,True,2014-04-21 00:00:00,Active,2026-10-01 02:00:00
SUP001560,ENT008750,Verbrook Analytics B.V.,Software,China,45,Low,False,2019-11-11 00:00:00,Active,2026-10-01 02:00:00
SUP001561,ENT008448,Ordell Insurance Global 2 LLC,IT Services,Port Varos Free Zone (fictional),30,Low,False,2023-09-26 00:00:00,Active,2026-10-01 02:00:00
SUP001562,ENT004402,Alcrest Motors PLC,IT Services,Philippines,45,Low,False,2022-12-28 00:00:00,Active,2026-10-01 02:00:00
SUP001563,ENT008373,Wesford Insurance S.A.,IT Services,India,60,Low,False,2014-06-16 00:00:00,Active,2026-10-01 02:00:00
SUP001564,ENT000115,Galen Trading LLC,Data Providers,United States,30,Low,False,2024-10-07 00:00:00,Active,2026-10-17 02:00:00
SUP001565,ENT001134,Oreon Analytics Corp.,IT Services,Philippines,60,Low,False,2018-10-04 00:00:00,Active,2026-10-01 02:00:00
SUP001566,ENT003636,Lumen Capital B.V.,Professional Services,United States,15,Low,False,2018-12-03 00:00:00,Active,2026-10-01 02:00:00
SUP001567,ENT006654,Oren Insurance Pte. Ltd.,,United States,30,Low,False,2014-07-25 00:00:00,Active,2026-10-01 02:00:00
SUP001568,ENT000772,Roswick Packaging LLC,Facilities,Germany,30,Low,False,2015-10-01 00:00:00,Inactive,2026-10-01 02:00:00
SUP001569,ENT006762,Calara Insurance PLC,Content Vendors,China,60,Low,False,2016-09-07 00:00:00,Active,2026-10-01 02:00:00
SUP001570,ENT007730,Morford Finance LLC,Content Vendors,India,30,Low,False,2016-08-27 00:00:00,Active,2026-10-01 02:00:00
SUP001571,ENT004617,Corcrest Energy B.V.,IT Services,United Kingdom,30,Medium,True,2015-11-16 00:00:00,Active,2026-10-01 02:00:00
SUP001572,ENT009029,Talvale Retail K.K.,Facilities,United States,30,Low,False,2021-11-09 00:00:00,Active,2026-10-01 02:00:00
SUP001573,ENT002715,Kelstone Agritech Inc.,Facilities,Vietnam,60,Low,False,2016-03-28 00:00:00,Active,2026-10-01 02:00:00
SUP001574,ENT001427,Tallyn Mining Co.,Software,Japan,30,Low,False,2014-05-26 00:00:00,Active,2026-10-01 02:00:00
SUP001575,ENT004053,Calhaven Health PLC,IT Services,Philippines,30,Medium,False,2025-12-19 00:00:00,Active,2026-10-01 02:00:00
SUP001576,ENT004361,Norion Consulting S.A.,Software,Philippines,15,Medium,False,2018-05-18 00:00:00,Active,2026-10-01 02:00:00
SUP001577,ENT003759,Weseon Agritech Co.,,India,60,Low,False,2022-10-10 00:00:00,Active,2026-10-01 02:00:00
SUP001578,ENT002258,Venvale Mining Corp.,IT Services,UAE,30,Low,False,2022-04-06 00:00:00,Active,2026-10-01 02:00:00
SUP001579,ENT006556,Rosova Packaging K.K.,,Singapore,60,Medium,False,2025-06-06 00:00:00,Active,2026-10-01 02:00:00
SUP001580,ENT004676,Norbrook Insurance S.A.,Facilities,India,45,Low,False,2023-03-22 00:00:00,Active,2026-10-01 02:00:00
SUP001581,ENT002673,Selova Foods B.V.,Professional Services,Germany,45,Low,False,2018-04-27 00:00:00,Active,2026-10-01 02:00:00
SUP001582,ENT003970,Galaris Retail PLC,Travel,United States,30,Medium,False,2024-03-05 00:00:00,Active,2026-10-01 02:00:00
SUP001583,ENT000467,Wesova Foods B.V.,Content Vendors,Port Varos Free Zone (fictional),15,Low,False,2020-12-21 00:00:00,Inactive,2026-10-01 02:00:00
SUP001584,ENT004303,Briport Motors GmbH,Software,Australia,60,Low,True,2023-05-22 00:00:00,Active,2026-10-01 02:00:00
SUP001585,ENT002327,Kelen Robotics PLC,Events Services,United Kingdom,30,Low,True,2019-08-02 00:00:00,Inactive,2026-10-01 02:00:00
SUP001586,ENT009124,Fenmere Retail Co.,Data Providers,China,30,Medium,False,2025-06-16 00:00:00,Active,2026-10-01 02:00:00
SUP001587,ENT002979,Briford HealthC o.,Software,United States,60,Medium,False,2014-05-20 00:00:00,Active,2026-10-01 02:00:00
SUP001588,ENT003788,WesbrookM otors K.K.,Professional Services,Philippines,30,Low,False,2019-11-21 00:00:00,Active,2026-10-01 02:00:00
SUP001589,ENT006122,Talbrook Media Corp.,Travel,Brazil,30,Low,False,2016-04-28 00:00:00,Inactive,2026-10-01 02:00:00
SUP001590,ENT004216,Talane Biotech Corp.,Events Services,Australia,60,Medium,False,2021-03-31 00:00:00,Active,2026-10-01 02:00:00
SUP001591,ENT005537,Alith Motors Ltd.,Travel,Canada,30,Low,False,2018-01-17 00:00:00,Active,2026-10-01 02:00:00
SUP001592,ENT006838,Rosmora Agritech LLC,Travel,South Africa,60,Low,True,2019-02-26 00:00:00,Active,2026-10-01 02:00:00
SUP001593,ENT004933,Calvale Holdings LLC,Content Vendors,Canada,30,Low,False,2018-07-04 00:00:00,Active,2026-10-01 02:00:00
SUP001594,ENT004595,Zanen Foods Ltd.,Facilities,Australia,30,High,False,2014-03-07 00:00:00,Active,2026-10-01 02:00:00
SUP001595,ENT000795,Kelora Industries Pte. Ltd.,Facilities,United States,45,Low,False,2022-03-17 00:00:00,Active,2026-10-01 02:00:00
SUP001596,ENT009883,Marstone Trading S.A.,Facilities,France,30,Low,False,2024-04-12 00:00:00,Active,2026-10-01 02:00:00
SUP001597,ENT001081,Briion Labs Global 2 Co.,Software,Germany,60,Medium,False,2024-10-29 00:00:00,Active,2026-10-01 02:00:00
SUP001598,ENT000487,Lumdale Trading PLC,Data Providers,United States,30,Low,False,2019-10-16 00:00:00,Active,2026-10-01 02:00:00
SUP001599,ENT008886,Belmere Mining LLC,Events Services,Singapore,15,Low,False,2024-12-14 00:00:00,Active,2026-10-01 02:00:00
SUP001600,ENT005795,Tallyn Pharma PLC,Facilities,United States,30,Medium,False,10/03/2021,Active,2026-10-01 02:00:00
SUP001601,ENT004611,Orhaven Biotech Co.,Content Vendors,Singapore,45,Low,False,2016-02-23 00:00:00,Active,2026-10-01 02:00:00
SUP001602,ENT003562,Talridge Industries GmbH,Content Vendors,India,60,Medium,False,2020-12-01 00:00:00,Active,2026-10-01 02:00:00
SUP001603,ENT004126,Morane Foods Pte. Ltd.,Facilities,United States,30,Medium,False,2019-01-18 00:00:00,Active,2026-10-01 02:00:00
SUP001604,ENT002833,Zanmora Logistics Ltd.,Software,Malaysia,45,Low,False,2017-10-25 00:00:00,Active,2026-10-01 02:00:00
SUP001605,ENT000954,Galport Retail S.A.,Professional Services,United Kingdom,60,Low,False,2016-03-11 00:00:00,Active,2026-10-01 02:00:00
SUP001606,ENT007542,Cormora Packaging Pte. Ltd.,Content Vendors,Philippines,60,Low,False,2024-06-18 00:00:00,Active,2026-10-01 02:00:00
SUP001607,ENT003721,  dordell pharma s.a. ,Travel,Australia,60,Low,False,2014-02-25 00:00:00,Active,2026-10-01 02:00:00
SUP001608,ENT003453,Verdell Health Corp.,Professional Services,India,30,Medium,False,2017-03-08 00:00:00,Active,2026-10-01 02:00:00
SUP001609,ENT005937,Ulmora Systems Ltd.,Events Services,Indonesia,60,Medium,True,2025-12-19 00:00:00,Inactive,2026-10-01 02:00:00
SUP001610,ENT002667,Marbrook Foods B.V.,Software,United States,60,Medium,False,2026-08-22 00:00:00,Active,2026-10-01 02:00:00
SUP001611,ENT005996,Halen Energy PLC,Content Vendors,Japan,30,High,False,2014-12-01 00:00:00,Inactive,2026-10-01 02:00:00
SUP001612,ENT008079,Quinridge Systems Co.,Facilities,United Kingdom,30,Medium,False,2025-01-31 00:00:00,Active,2026-10-01 02:00:00
SUP001613,ENT001086,Istcrest Robotics Inc.,,Philippines,45,Low,False,2018-12-07 00:00:00,Active,2026-10-01 02:00:00
SUP001614,ENT005481,Oraris Agritech Corp.,Professional Services,Japan,30,Low,False,2021-11-22 00:00:00,Active,2026-10-01 02:00:00
SUP001615,ENT007555,Quinport Pharma Inc.,Data Providers,South Africa,15,Low,False,2014-12-10 00:00:00,Active,2026-10-01 02:00:00
SUP001616,ENT005414,Calhaven Retail K.K.,Software,United Kingdom,30,Low,False,"May 28, 2025",Active,2026-10-01 02:00:00
SUP001617,ENT006809,Morport Textiles B.V.,Professional Services,Philippines,30,Low,False,30/10/2022,Active,2026-10-01 02:00:00
SUP001618,ENT008615,Norova Capital LLC,IT Services,Philippines,30,Low,False,2019-05-24 00:00:00,Active,2026-10-01 02:00:00
SUP001619,ENT006441,Algate Agritech Ltd.,IT Services,Indonesia,30,Low,True,2019-08-14 00:00:00,Active,2026-10-01 02:00:00
SUP001620,ENT001057,Ulmere Agritech GmbH,Content Vendors,India,30,Medium,False,2021-06-03 00:00:00,Active,2026-10-01 02:00:00
SUP001621,ENT000866,Norara Biotech GmbH,Content Vendors,Canada,45,Low,False,2018-06-25 00:00:00,Active,2026-10-01 02:00:00
SUP001622,ENT005543,Alwick Logistics S.A.,Content Vendors,Australia,30,Low,False,2019-11-06 00:00:00,Active,2026-10-01 02:00:00
SUP001623,ENT001319,Talen Agritech Co.,Data Providers,China,45,Low,False,2023-09-18 00:00:00,Active,2026-10-01 02:00:00
SUP001624,ENT000136,Elen Foods GmbH,Travel,Philippines,30,Medium,False,2021-10-22 00:00:00,Active,2026-10-01 02:00:00
SUP001625,ENT009550,Alion Holdings K.K.,Professional Services,Indonesia,30,Medium,False,2025-12-07 00:00:00,Active,2026-10-01 02:00:00
SUP001626,ENT000918,Corwick Textiles LLC,IT Services,India,45,Low,False,2025-05-02 00:00:00,Active,2026-10-01 02:00:00
SUP001627,ENT008223,Halara Textiles GmbH,IT Services,Philippines,30,Low,False,2018-11-05 00:00:00,Active,2026-10-01 02:00:00
SUP001628,ENT001340,Coren Consulting Ltd.,Travel,Brazil,60,Medium,False,2023-09-06 00:00:00,Active,2026-10-01 02:00:00
SUP001629,ENT009307,Elova Robotics Pte. Ltd.,Professional Services,China,30,Low,False,2020-04-16 00:00:00,Active,2026-10-01 02:00:00
SUP001630,ENT000764,Margate Agritech S.A.,Content Vendors,United States,30,Low,False,26/09/2014,Active,2026-10-01 02:00:00
SUP001631,ENT001724,PELITH INDUSTRIES CORP.,Facilities,India,15,Low,False,2017-01-09 00:00:00,Active,2026-10-01 02:00:00
SUP001632,ENT005945,Zandell Mining K.K.,Software,Japan,30,High,False,2019-12-11 00:00:00,Active,2026-10-01 02:00:00
SUP001633,ENT004309,Taldell Analytics K.K.,Travel,United States,30,Low,True,2018-08-17 00:00:00,Inactive,2026-10-01 02:00:00
SUP001634,ENT006649,Galcrest Health PLC,Facilities,United States,45,Low,True,2018-03-19 00:00:00,Active,2026-10-01 02:00:00
SUP001635,ENT006584,Alix Systems Pte. Ltd.,IT Services,India,45,Low,False,2021-10-15 00:00:00,Active,2026-10-01 02:00:00
SUP001636,ENT004119,Taldale Robotics LLC,Data Providers,United States,30,Medium,True,2022-10-18 00:00:00,Active,2026-10-01 02:00:00
SUP001637,ENT006690,Pelhaven Pharma Corp.,Facilities,United States,30,Low,False,2021-02-12 00:00:00,Active,2026-10-01 02:00:00
SUP001638,ENT000605,Quinford Analytics K.K.,Software,India,30,Medium,False,2020-03-09 00:00:00,Active,2026-10-01 02:00:00
SUP001639,ENT007753,Halhaven Motors LLC,Facilities,United States,30,Low,False,2026-02-23 00:00:00,Active,2026-10-01 02:00:00
SUP001640,ENT005566,Tormere Holdings LLC,Events Services,Philippines,60,Low,False,2018-12-17 00:00:00,Active,2026-10-01 02:00:00
SUP001641,ENT001399,Arbrook Health Co.,Content Vendors,Brazil,30,Low,False,2021-09-15 00:00:00,Active,2026-10-01 02:00:00
SUP001642,ENT003261,Rosara Partners Ltd.,Content Vendors,France,60,Medium,False,2022-05-16 00:00:00,Active,2026-10-25 02:00:00
SUP001643,ENT005998,Selen Trading Pte. Ltd.,Data Providers,UAE,30,Low,False,2017-04-14 00:00:00,Active,2026-10-01 02:00:00
SUP001644,ENT006049,Corstone Pharma B.V.,Facilities,Philippines,45,High,True,2019-12-06 00:00:00,Active,2026-10-01 02:00:00
SUP001645,ENT009187,Lumlyn Health Inc.,Content Vendors,South Africa,30,Low,False,2018-07-05 00:00:00,Active,2026-10-01 02:00:00
SUP001646,ENT001121,Brivanta Biotech S.A.,IT Services,United States,60,Low,False,2018-08-22 00:00:00,Active,2026-10-01 02:00:00
SUP001647,ENT002415,Coreon Health Co.,Events Services,United States,30,Medium,False,2018-08-08 00:00:00,Active,2026-10-01 02:00:00
SUP001648,ENT007967,Oraris Trading LLC,Events Services,United Kingdom,45,Low,False,2014-12-29 00:00:00,Active,2026-10-01 02:00:00
SUP001649,ENT004108,Zanen Agritech S.A.,Professional Services,Japan,60,Low,False,2019-05-10 00:00:00,Active,2026-10-01 02:00:00
SUP001650,ENT004702,Lumbrook Agritech Corp.,Content Vendors,United Kingdom,30,Medium,False,2020-10-29 00:00:00,Active,2026-10-01 02:00:00
SUP001651,ENT009886,Morora Insurance B.V.,Facilities,United States,60,High,True,2021-09-14 00:00:00,Active,2026-10-01 02:00:00
SUP001652,ENT006021,Belport Foods Ltd.,Content Vendors,Germany,30,Medium,False,2023-10-23 00:00:00,Active,2026-10-01 02:00:00
SUP001653,ENT001511,Calwick Logistics Corp.,Content Vendors,United Kingdom,30,Medium,True,2018-08-14 00:00:00,Active,2026-10-01 02:00:00
SUP001654,ENT009223,Elvale Trading Corp.,IT Services,United Kingdom,60,High,True,2016-12-29 00:00:00,Active,2026-10-01 02:00:00
SUP001655,ENT004598,Lumen Retail GmbH,Software,United States,45,Medium,False,2019-09-17 00:00:00,Inactive,2026-10-01 02:00:00
SUP001656,ENT008341,Venhaven Insurance PLC,Software,Vietnam,45,Low,False,2025-09-29 00:00:00,Active,2026-10-01 02:00:00
SUP001657,ENT005467,Coreon Retail PLC,Data Providers,Japan,30,Low,False,2019-05-06 00:00:00,Active,2026-10-01 02:00:00
SUP001658,ENT004462,Galvale Insurance GmbH,Events Services,UAE,30,Low,False,2024-12-26 00:00:00,Active,2026-10-01 02:00:00
SUP001659,ENT003961,Torgate Trading Ltd.,Facilities,China,30,Low,False,2018-06-15 00:00:00,Active,2026-10-01 02:00:00
SUP001660,ENT007174,Ardell Agritech Co.,IT Services,Philippines,60,Medium,False,2016-02-21 00:00:00,Inactive,2026-10-01 02:00:00
SUP001661,ENT004120,Briford Holdings Co.,Data Providers,Brazil,30,Medium,False,2020-12-16 00:00:00,Active,2026-10-01 02:00:00
SUP001662,ENT007123,Ulbrook Systems Ltd.,Events Services,Singapore,30,Low,True,2016-11-14 00:00:00,Active,2026-10-01 02:00:00
SUP001663,ENT004791,Lumport Insurance Inc.,IT Services,United Kingdom,30,Low,False,2022-04-01 00:00:00,Active,2026-10-01 02:00:00
SUP001664,ENT001850,Istdell Analytics K.K.,Facilities,Philippines,15,Medium,True,2015-11-30 00:00:00,Active,2026-10-01 02:00:00
SUP001665,ENT005136,,Events Services,UAE,45,Medium,False,2022-10-26 00:00:00,Active,2026-10-01 02:00:00
SUP001666,ENT006931,,Events Services,UAE,15,Low,True,09/07/2014,Active,2026-10-01 02:00:00
SUP001667,ENT002291,Zanion Consulting GmbH,IT Services,United States,60,Low,False,2014-09-03 00:00:00,Active,2026-10-01 02:00:00
SUP001668,ENT006054,Fenane Consulting Pte. Ltd.,Professional Services,United States,45,Low,False,2024-10-22 00:00:00,Active,2026-10-01 02:00:00
SUP001669,ENT008024,Corlyn Trading K.K.,Software,Indonesia,15,Medium,True,2021-09-17 00:00:00,Active,2026-10-01 02:00:00
SUP001670,ENT006609,Calridge Partners K.K.,Software,Singapore,30,Low,False,2016-09-12 00:00:00,Active,2026-10-01 02:00:00
SUP001671,ENT006422,Rosridge Agritech LLC,IT Services,United States,30,High,True,2025-05-27 00:00:00,Active,2026-10-01 02:00:00
SUP001672,ENT005529,Halith Trading Ltd.,Software,Philippines,30,Medium,True,2022-02-16 00:00:00,Active,2026-10-01 02:00:00
SUP001673,ENT009326,Galford Logistics LLC,Events Services,Singapore,30,Medium,False,2014-01-11 00:00:00,Active,2026-10-01 02:00:00
SUP001674,ENT007320,Venford Labs S.A.,IT Services,Port Varos Free Zone (fictional),30,Medium,False,2019-07-19 00:00:00,Active,2026-10-01 02:00:00
SUP001675,ENT001849,Morvanta Labs GmbH,Content Vendors,Netherlands,30,Medium,False,2021-02-22 00:00:00,Active,2026-10-01 02:00:00
SUP001676,ENT009054,Halstone Trading Pte. Ltd.,IT Services,Indonesia,30,High,False,2017-07-10 00:00:00,Active,2026-10-01 02:00:00
SUP001677,ENT009690,Wesstone Analytics Pte. Ltd.,Professional Services,Australia,60,Low,True,2014-05-16 00:00:00,Active,2026-10-01 02:00:00
SUP001678,ENT003357,Cormere Health GmbH,Content Vendors,Indonesia,30,Low,False,2018-01-25 00:00:00,Active,2026-10-01 02:00:00
SUP001679,ENT003993,Lumora Health K.K.,Travel,India,30,Low,True,2024-05-23 00:00:00,Active,2026-10-01 02:00:00
SUP001680,ENT000090,Corion Agritech K.K.,Software,Philippines,45,Low,False,2024-09-20 00:00:00,Inactive,2026-10-01 02:00:00
SUP001681,ENT006205,Fenvanta Mining K.K.,IT Services,United States,30,Low,False,2021-01-04 00:00:00,Active,2026-10-01 02:00:00
SUP001682,ENT008692,Roscrest Health Global 2 B.V.,Facilities,United Kingdom,30,Low,False,2014-03-17 00:00:00,Active,2026-10-01 02:00:00
SUP001683,ENT007381,Alane Analytics GmbH,Events Services,United States,30,Medium,False,2014-03-07 00:00:00,Active,2026-10-01 02:00:00
SUP001684,ENT003891,Rosport Agritech Inc.,Data Providers,United Kingdom,45,Medium,False,2014-06-16 00:00:00,Active,2026-10-01 02:00:00
SUP001685,ENT008410,Torford Holdings B.V.,Professional Services,Germany,30,Low,True,2015-08-18 00:00:00,Active,2026-10-01 02:00:00
SUP001686,ENT002934,Norvanta Trading Corp.,Software,United States,30,Low,True,2017-12-09 00:00:00,Active,2026-10-01 02:00:00
SUP001687,ENT004590,Taleon Media Inc.,Facilities,Australia,45,High,False,2024-04-12 00:00:00,Active,2026-10-01 02:00:00
SUP001688,ENT000873,Rosith Holdings Co.,Events Services,United Kingdom,30,Low,False,2017-01-06 00:00:00,Active,2026-10-01 02:00:00
SUP001689,ENT003870,Gallyn Retail Pte. Ltd.,Travel,South Africa,30,Low,True,2019-12-10 00:00:00,Active,2026-10-01 02:00:00
SUP001690,ENT005472,Alridge Textiles Corp.,Data Providers,Philippines,60,Low,True,2026-08-24 00:00:00,Active,2026-10-01 02:00:00
SUP001691,ENT003161,Marport Packaging Co.,Data Providers,Malaysia,60,Low,False,2020-03-12 00:00:00,Active,2026-10-01 02:00:00
SUP001692,ENT006596,Uleon Robotics Corp.,Data Providers,United States,60,Low,False,2024-08-15 00:00:00,Active,2026-10-01 02:00:00
SUP001693,ENT007552,Alen Consulting GmbH,Travel,Brazil,30,Medium,True,2022-03-08 00:00:00,Active,2026-10-01 02:00:00
SUP001694,ENT002641,Marara Biotech Pte. Ltd.,Travel,Canada,60,Low,False,2022-12-26 00:00:00,Active,2026-10-01 02:00:00
SUP001695,ENT003462,Alridge Finance S.A.,Professional Services,United Kingdom,60,Medium,False,2022-06-07 00:00:00,Active,2026-10-01 02:00:00
SUP001696,ENT007553,Fenvale Logistics S.A.,IT Services,Germany,45,Medium,False,2022-02-02 00:00:00,Active,2026-10-01 02:00:00
SUP001697,ENT006227,Istmora Pharma PLC,Facilities,India,15,Low,False,2018-11-16 00:00:00,Active,2026-10-01 02:00:00
SUP001698,ENT005486,Wesane Robotics PLC,Travel,China,45,Low,False,2014-02-28 00:00:00,Active,2026-10-01 02:00:00
SUP001699,ENT007016,Dorix Partners Ltd.,Software,China,60,Low,False,2014-02-05 00:00:00,Blocked,2026-10-01 02:00:00
SUP001700,ENT008947,Morridge Packaging GmbH,IT Services,Australia,15,Low,False,2022-10-21 00:00:00,Active,2026-10-01 02:00:00
SUP001701,ENT006295,Galaris Industries LLC,Events Services,Netherlands,30,Low,True,2023-03-15 00:00:00,Active,2026-10-01 02:00:00
SUP001702,ENT000981,,Software,China,30,Low,False,2015-09-25 00:00:00,Active,2026-10-01 02:00:00
SUP001703,ENT001831,Rosgate Packaging K.K.,Events Services,United States,60,Medium,False,2016-02-05 00:00:00,Active,2026-10-01 02:00:00
SUP001704,ENT000039,Ulvale Motors S.A.,Software,Germany,30,Medium,False,2021-10-22 00:00:00,Active,2026-10-01 02:00:00
SUP001705,ENT004414,Calane Retail B.V.,Professional Services,United States,30,Medium,False,2021-04-23 00:00:00,Active,2026-10-01 02:00:00
SUP001706,ENT001199,Talhaven Consulting GmbH,Content Vendors,United States,30,Low,False,2018-03-19 00:00:00,Active,2026-10-01 02:00:00
SUP001707,ENT001048,Weshaven Technologies B.V.,Events Services,Brazil,30,Medium,False,2019-09-16 00:00:00,Active,2026-10-01 02:00:00
SUP001708,ENT008444,Pelix Media S.A.,Data Providers,Vietnam,15,Low,False,2025-10-27 00:00:00,Active,2026-10-01 02:00:00
SUP001709,ENT009876,Kelvanta Labs Corp.,Software,Netherlands,60,Medium,True,2026-04-27 00:00:00,Active,2026-10-01 02:00:00
SUP001710,ENT008304,Zanora Robotics K.K.,IT Services,Brazil,30,Low,False,24/04/2026,Active,2026-10-01 02:00:00
SUP001711,ENT008800,Lumix Biotech Co.,Events Services,Indonesia,15,Low,False,2020-09-29 00:00:00,Active,2026-10-01 02:00:00
SUP001712,ENT009216,Venford Industries Ltd.,IT Services,Netherlands,60,Medium,False,2014-10-31 00:00:00,Active,2026-10-01 02:00:00
SUP001713,ENT002587,Lumora Packaging Corp.,IT Services,Indonesia,45,Medium,False,17/06/2020,Active,2026-10-01 02:00:00
SUP001714,ENT002838,Galdell Foods Inc.,Facilities,Brazil,60,Medium,False,2019-03-11 00:00:00,Active,2026-10-01 02:00:00
SUP001715,ENT003415,Venhaven Capital LLC,Professional Services,South Africa,30,Low,False,2024-02-01 00:00:00,Active,2026-10-01 02:00:00
SUP001716,ENT004720,Toren Logistics Inc.,Events Services,Singapore,30,Low,True,2023-04-21 00:00:00,Active,2026-10-01 02:00:00
SUP001717,ENT005057,Morara Packaging S.A.,Content Vendors,South Africa,15,Medium,False,2020-02-03 00:00:00,Active,2026-10-01 02:00:00
SUP001718,ENT007382,Keldell Packaging S.A.,Content Vendors,United Kingdom,30,Low,False,2017-07-28 00:00:00,Active,2026-10-01 02:00:00
SUP001719,ENT007951,Nordell Mining Co.,Content Vendors,United States,30,Medium,True,2024-10-18 00:00:00,Inactive,2026-10-01 02:00:00
SUP001720,ENT001974,  briport robotics llc ,Content Vendors,United States,15,Low,False,2023-08-25 00:00:00,Inactive,2026-10-01 02:00:00
SUP001721,ENT009178,Elwick Finance Global 2 S.A.,Software,Japan,30,Low,True,2020-01-31 00:00:00,Active,2026-10-01 02:00:00
SUP001722,ENT006301,Talridge Foods K.K.,Facilities,China,15,Low,True,2018-11-23 00:00:00,Active,2026-10-01 02:00:00
SUP001723,ENT000312,Lumix Systems B.V.,IT Services,Canada,30,High,False,2024-01-22 00:00:00,Active,2026-10-01 02:00:00
SUP001724,ENT009782,Valhaven Agritech Ltd.,Professional Services,United States,60,Medium,False,07/06/2018,Active,2026-10-01 02:00:00
SUP001725,ENT009776,Fenane Mining B.V.,Professional Services,Brazil,60,Medium,False,2022-03-18 00:00:00,Active,2026-10-01 02:00:00
SUP001726,ENT002299,Ormora Media Co.,Facilities,UAE,60,Low,False,2022-01-18 00:00:00,Active,2026-10-01 02:00:00
SUP001727,ENT003702,Dorstone Pharma Co.,Professional Services,United States,30,Medium,False,2022-02-17 00:00:00,Active,2026-10-01 02:00:00
SUP001728,ENT006417,Wesbrook Systems S.A.,IT Services,India,30,Medium,False,2016-01-08 00:00:00,Active,2026-10-01 02:00:00
SUP001729,ENT009549,Calix Capital Inc.,Professional Services,Brazil,30,Low,False,2019-11-04 00:00:00,Active,2026-10-01 02:00:00
SUP001730,ENT001488,GalportR etail Ltd.,Content Vendors,UAE,30,Low,False,2018-05-28 00:00:00,Active,2026-10-01 02:00:00
SUP001731,ENT000370,Lummora Insurance GmbH,Content Vendors,Ostrava Keys (fictional),60,Low,False,2017-10-06 00:00:00,Active,2026-10-01 02:00:00
SUP001732,ENT009570,Dorwick Holdings S.A.,Professional Services,Malaysia,60,Low,False,2014-06-25 00:00:00,Blocked,2026-10-01 02:00:00
SUP001733,ENT009717,Corvale Systems Co.,Facilities,Philippines,60,Low,False,2024-06-17 00:00:00,Active,2026-10-01 02:00:00
SUP001734,ENT000543,Belaris Capital Ltd.,Travel,United Kingdom,30,Low,True,2019-10-02 00:00:00,Active,2026-10-01 02:00:00
SUP001735,ENT007528,Venlyn Media Ltd.,Events Services,South Africa,45,Low,True,2025-01-08 00:00:00,Active,2026-10-01 02:00:00
SUP001736,ENT005454,Venaris Textiles LLC,Software,United States,45,Low,False,2024-03-29 00:00:00,Active,2026-10-01 02:00:00
SUP001737,ENT009569,Norion Capital Inc.,Professional Services,India,30,Low,False,2025-03-07 00:00:00,Active,2026-10-01 02:00:00
SUP001738,ENT003548,Quinmere Mining Corp.,Travel,Netherlands,60,Low,False,2016-04-04 00:00:00,Active,2026-10-01 02:00:00
SUP001739,ENT003737,Verbrook Agritech B.V.,IT Services,Japan,45,Low,False,2025-08-08 00:00:00,Active,2026-10-01 02:00:00
SUP001740,ENT009129,Selix Industries PLC,Facilities,South Africa,30,Low,False,2014-12-04 00:00:00,Active,2026-10-01 02:00:00
SUP001741,ENT009183,Halridge Trading Co.,Content Vendors,Port Varos Free Zone (fictional),30,Low,False,2021-03-25 00:00:00,Active,2026-10-01 02:00:00
SUP001742,ENT007329,Norcrest Trading S.A.,IT Services,Brazil,15,Low,False,22/07/2020,Active,2026-10-01 02:00:00
SUP001743,ENT003175,Briport Retail PLC,Software,Netherlands,15,High,False,2026-01-07 00:00:00,Inactive,2026-10-01 02:00:00
SUP001744,ENT005705,Marix Retail Co.,Professional Services,United States,30,Low,False,2022-08-10 00:00:00,Active,2026-10-01 02:00:00
SUP001745,ENT009645,Galhaven Biotech Corp.,Professional Services,United Kingdom,30,Medium,False,2023-06-19 00:00:00,Active,2026-10-01 02:00:00
SUP001746,ENT000220,Norhaven Biotech GmbH,Travel,UAE,30,Medium,True,2024-05-17 00:00:00,Active,2026-10-01 02:00:00
SUP001747,ENT000635,Zangate Capital Pte. Ltd.,Facilities,India,45,High,False,2023-09-14 00:00:00,Active,2026-10-01 02:00:00
SUP001748,ENT003668,Pelane Trading GmbH,Content Vendors,Indonesia,60,Low,True,2024-12-02 00:00:00,Blocked,2026-10-01 02:00:00
SUP001749,ENT007558,Quinmora Robotics Inc.,Professional Services,Ostrava Keys (fictional),60,Low,False,2022-01-07 00:00:00,Active,2026-10-01 02:00:00
SUP001750,ENT008733,Venwick Partners Pte. Ltd.,IT Services,China,30,Low,False,2015-06-02 00:00:00,Active,2026-10-01 02:00:00
SUP001751,ENT000005,Valgate Systems Pte. Ltd.,Professional Services,Japan,30,Low,False,2020-11-20 00:00:00,Active,2026-10-01 02:00:00
SUP001752,ENT002444,Selbrook Agritech PLC,Travel,Japan,60,High,False,2016-09-29 00:00:00,Active,2026-10-01 02:00:00
SUP001753,ENT009486,,Facilities,India,15,Medium,True,2017-09-08 00:00:00,Active,2026-10-01 02:00:00
SUP001754,ENT009240,Verara Textiles Inc.,Content Vendors,Germany,30,Low,False,2020-05-20 00:00:00,Active,2026-10-01 02:00:00
SUP001755,ENT002001,Selvanta Biotech B.V.,Software,India,30,Low,False,2021-06-25 00:00:00,Active,2026-10-01 02:00:00
SUP001756,ENT000972,Beldell Labs K.K.,Content Vendors,Canada,15,Low,False,2026-03-02 00:00:00,Active,2026-10-01 02:00:00
SUP001757,ENT009289,Fenvanta Agritech K.K.,,United States,15,Medium,False,2015-04-23 00:00:00,Inactive,2026-10-01 02:00:00
SUP001758,ENT004755,Pelaris Partners B.V.,Content Vendors,France,30,Low,True,2019-05-01 00:00:00,Active,2026-10-01 02:00:00
SUP001759,ENT005260,Verridge Logistics K.K.,Content Vendors,Singapore,30,Medium,False,2025-11-28 00:00:00,Active,2026-10-01 02:00:00
SUP001760,ENT008111,Fenane Industries Pte. Ltd.,Software,United Kingdom,45,Low,False,2018-01-30 00:00:00,Active,2026-10-01 02:00:00
SUP001761,ENT006070,Calith Pharma B.V.,,Malaysia,30,Low,False,2025-04-25 00:00:00,Active,2026-10-01 02:00:00
SUP001762,ENT000737,Kelaris Finance LLC,Software,Singapore,15,Low,False,2016-03-25 00:00:00,Active,2026-10-01 02:00:00
SUP001763,ENT008184,Kelvale Technologies PLC,Professional Services,China,60,Low,False,2020-03-19 00:00:00,Inactive,2026-10-01 02:00:00
SUP001764,ENT000020,Quinen Technologies GmbH,Facilities,Germany,30,Medium,False,2020-07-30 00:00:00,Active,2026-10-01 02:00:00
SUP001765,ENT008904,Maren Textiles K.K.,Professional Services,China,30,Low,True,2019-12-02 00:00:00,Active,2026-10-01 02:00:00
SUP001766,ENT003468,Dormora Logistics Ltd.,Content Vendors,Philippines,60,High,False,2015-12-29 00:00:00,Active,2026-10-01 02:00:00
SUP001767,ENT009820,Venith Insurance Co.,,Canada,45,Low,False,2019-08-19 00:00:00,Active,2026-10-01 02:00:00
SUP001768,ENT009653,Venhaven Insurance Global 2 PLC,Data Providers,United Kingdom,60,Low,False,03/10/2018,Active,2026-10-01 02:00:00
SUP001769,ENT004245,Galora Foods PLC,Events Services,China,30,Low,False,2016-04-29 00:00:00,Active,2026-10-01 02:00:00
SUP001770,ENT008795,Brimora Partners Ltd.,Travel,Philippines,60,Low,True,2020-07-29 00:00:00,Inactive,2026-10-01 02:00:00
SUP001771,ENT008047,Orion Mining Co.,IT Services,Indonesia,30,Low,True,2025-01-25 00:00:00,Inactive,2026-10-01 02:00:00
SUP001772,ENT002013,Vendell Media Corp.,Data Providers,United Kingdom,30,High,True,2016-09-22 00:00:00,Active,2026-10-01 02:00:00
SUP001773,ENT003854,Weswick Insurance GmbH,Travel,Brazil,30,Low,False,19/06/2018,Active,2026-10-01 02:00:00
SUP001774,ENT001726,Valeon Logistics Inc.,Events Services,Netherlands,30,Medium,False,2026-03-04 00:00:00,Inactive,2026-10-01 02:00:00
SUP001775,ENT008645,Kelbrook Insurance LLC,Content Vendors,Brazil,30,High,False,2017-06-01 00:00:00,Active,2026-10-01 02:00:00
SUP001776,ENT004167,Rosmere Insurance Inc.,Facilities,Philippines,30,Low,True,2023-06-05 00:00:00,Active,2026-10-01 02:00:00
SUP001777,ENT003459,Lumvale Holdings Inc.,Professional Services,Philippines,30,Medium,False,2019-05-20 00:00:00,Active,2026-10-01 02:00:00
SUP001778,ENT007484,Noraris Partners LLC,IT Services,Singapore,45,Low,True,2020-07-02 00:00:00,Active,2026-10-01 02:00:00
SUP001779,ENT002165,Corion Holdings Pte. Ltd.,Travel,Singapore,60,Low,False,2024-11-15 00:00:00,Active,2026-10-01 02:00:00
SUP001780,ENT000615,Normora Technologies Inc.,IT Services,United States,30,Low,False,2023-01-19 00:00:00,Inactive,2026-10-01 02:00:00
SUP001781,ENT006213,Quinvale Foods LLC,Software,Philippines,30,Low,True,2015-11-25 00:00:00,Active,2026-10-01 02:00:00
SUP001782,ENT001011,Zanaris Labs Pte. Ltd.,Travel,United States,60,Low,True,2025-11-26 00:00:00,Active,2026-10-01 02:00:00
SUP001783,ENT000754,Vercrest Energy LLC,Data Providers,United States,15,Low,False,2025-12-11 00:00:00,Active,2026-10-01 02:00:00
SUP001784,ENT004561,Corvanta Media GmbH,Professional Services,Singapore,15,Medium,True,2019-09-02 00:00:00,Active,2026-10-01 02:00:00
SUP001785,ENT005977,Valridge Consulting K.K.,Software,India,30,Medium,False,2014-08-15 00:00:00,Active,2026-10-01 02:00:00
SUP001786,ENT008783,Bridale Health S.A.,Events Services,France,15,Medium,False,2024-12-02 00:00:00,Active,2026-10-01 02:00:00
SUP001787,ENT004150,,IT Services,Philippines,30,Low,False,2018-02-16 00:00:00,Active,2026-10-01 02:00:00
SUP001788,ENT005053,Marwick Health K.K.,Data Providers,India,30,Medium,True,2025-07-09 00:00:00,Active,2026-10-01 02:00:00
SUP001789,ENT000151,Halgate Trading Inc.,Facilities,United States,30,Low,True,2018-11-16 00:00:00,Active,2026-10-01 02:00:00
SUP001790,ENT005595,VERRIDGE INDUSTRIES INC.,IT Services,Netherlands,30,High,False,2023-05-22 00:00:00,Inactive,2026-10-01 02:00:00
SUP001791,ENT007598,Veraris Retail Ltd.,Software,Canada,15,Medium,False,2020-03-02 00:00:00,Active,2026-10-01 02:00:00
SUP001792,ENT003276,Beldale Holdings Inc.,IT Services,Australia,30,Low,False,2021-08-13 00:00:00,Active,2026-10-01 02:00:00
SUP001793,ENT007054,Quinlyn Industries S.A.,Professional Services,United States,60,Low,False,2020-01-22 00:00:00,Blocked,2026-10-01 02:00:00
SUP001794,ENT008052,Veneon Packaging LLC,Events Services,China,15,Medium,False,2022-08-15 00:00:00,Active,2026-10-01 02:00:00
SUP001795,ENT002577,Alford Textiles K.K.,Software,United States,30,Low,False,2015-05-13 00:00:00,Active,2026-10-01 02:00:00
SUP001796,ENT001888,Marmora Systems LLC,,Canada,60,Low,False,2017-11-13 00:00:00,Active,2026-10-01 02:00:00
SUP001797,ENT001930,Normora Media K.K.,Professional Services,Indonesia,60,Low,False,2016-09-13 00:00:00,Active,2026-10-01 02:00:00
SUP001798,ENT000234,Vengate Logistics B.V.,Content Vendors,UAE,30,Medium,False,2020-08-28 00:00:00,Active,2026-10-01 02:00:00
SUP001799,ENT004884,Quinmora Industries Co.,IT Services,Germany,60,Low,False,2022-03-30 00:00:00,Active,2026-10-01 02:00:00
SUP001800,ENT007953,Orara Trading B.V.,Content Vendors,China,30,High,True,2018-10-30 00:00:00,Inactive,2026-10-01 02:00:00
SUP001801,ENT003633,Torara Insurance Co.,Travel,Canada,60,Low,False,2016-08-22 00:00:00,Active,2026-10-01 02:00:00
SUP001802,ENT008996,Torraa Partners Ltd.,Content Vendors,Netherlands,45,Low,False,2025-06-20 00:00:00,Active,2026-10-01 02:00:00
SUP001803,ENT009542,Verport Partners B.V.,IT Services,United States,30,Low,True,2023-08-31 00:00:00,Active,2026-10-01 02:00:00
SUP001804,ENT004049,Norane Logistics S.A.,Data Providers,United States,30,Low,False,2020-12-11 00:00:00,Active,2026-10-01 02:00:00
SUP001805,ENT002997,Ardale Partners PLC,IT Services,Japan,30,Low,True,2023-04-17 00:00:00,Active,2026-10-01 02:00:00
SUP001806,ENT006463,Sellyn Trading S.A.,IT Services,United Kingdom,30,Medium,False,2020-06-03 00:00:00,Active,2026-10-01 02:00:00
SUP001807,ENT006768,Kelara Finance K.K.,Professional Services,Singapore,45,Low,False,2024-03-01 00:00:00,Active,2026-10-01 02:00:00
SUP001808,ENT008349,Vergate Pharma K.K.,Data Providers,United States,30,Low,False,2022-04-15 00:00:00,Active,2026-10-01 02:00:00
SUP001809,ENT003369,Alvale Pharma B.V.,IT Services,UAE,30,Low,False,2019-12-12 00:00:00,Active,2026-10-01 02:00:00
SUP001810,ENT009769,Quinen Consulting Co.,Facilities,China,30,Low,False,2018-02-28 00:00:00,Active,2026-10-01 02:00:00
SUP001811,ENT007865,Orhaven Finance Pte. Ltd.,IT Services,UAE,30,Low,False,2019-05-23 00:00:00,Inactive,2026-10-01 02:00:00
SUP001812,ENT007896,Lumdell Logistics S.A.,IT Services,Malaysia,60,Low,False,2016-08-15 00:00:00,Active,2026-10-01 02:00:00
SUP001813,ENT008731,Lumane Logistics GmbH,Content Vendors,Brazil,45,Low,False,2025-01-02 00:00:00,Active,2026-10-01 02:00:00
SUP001814,ENT002150,Mormora Media Co.,Professional Services,Germany,30,Low,False,2024-12-02 00:00:00,Active,2026-10-01 02:00:00
SUP001815,ENT008941,Lumcrest Holdings GmbH,Professional Services,Singapore,30,Low,False,2015-11-20 00:00:00,Active,2026-10-01 02:00:00
SUP001816,ENT009881,Belcrest Industries Pte. Ltd.,Professional Services,Philippines,15,Medium,False,2021-08-12 00:00:00,Active,2026-10-01 02:00:00
SUP001817,ENT002268,Orstone Systems Ltd.,IT Services,Canada,30,Low,False,2024-07-26 00:00:00,Active,2026-10-01 02:00:00
SUP001818,ENT005095,Beleon Pharma LLC,Events Services,Japan,30,Low,False,2015-04-06 00:00:00,Active,2026-10-01 02:00:00
SUP001819,ENT000259,Norora Finance K.K.,Events Services,Malaysia,30,Low,False,2023-05-23 00:00:00,Active,2026-10-01 02:00:00
SUP001820,ENT003316,Kelion iFnance Pte. Ltd.,Facilities,Vietnam,45,Medium,True,2014-01-09 00:00:00,Active,2026-10-01 02:00:00
SUP001821,ENT001773,,Data Providers,Germany,30,Low,True,2023-09-15 00:00:00,Active,2026-10-01 02:00:00
SUP001822,ENT009488,Venlyn Retail S.A.,Data Providers,India,30,Low,False,2020-10-23 00:00:00,Active,2026-10-01 02:00:00
SUP001823,ENT000031,Veraris Capital PLC,IT Services,France,45,Low,False,2018-09-14 00:00:00,Active,2026-10-01 02:00:00
SUP001824,ENT000998,Pelora Finance GmbH,Events Services,Philippines,30,Low,False,2021-10-05 00:00:00,Inactive,2026-10-01 02:00:00
SUP001825,ENT009722,Torion Pharma B.V.,IT Services,France,30,Medium,False,2020-01-02 00:00:00,Active,2026-10-01 02:00:00
SUP001826,ENT002285,Dorwick Energy K.K.,Professional Services,United States,60,Low,False,2020-10-09 00:00:00,Active,2026-10-01 02:00:00
SUP001827,ENT007312,Talane Partners Pte. Ltd.,IT Services,India,60,Low,False,"Apr 11, 2014",Active,2026-10-01 02:00:00
SUP001828,ENT002283,Norbrook Foods Pte. Ltd.,Software,South Africa,60,Low,False,2018-09-04 00:00:00,Active,2026-10-01 02:00:00
SUP001829,ENT007342,Torport Consulting Co.,Professional Services,United States,45,Low,False,2024-12-11 00:00:00,Active,2026-10-01 02:00:00
SUP001830,ENT001379,Kelane Foods K.K.,Content Vendors,Netherlands,60,Low,True,2014-01-20 00:00:00,Active,2026-10-01 02:00:00
SUP001831,ENT009103,Isteon Technologies Co.,IT Services,Germany,30,Low,False,2022-05-09 00:00:00,Active,2026-10-01 02:00:00
SUP001832,ENT007247,Talgate Consulting S.A.,Professional Services,China,30,Medium,False,2021-07-26 00:00:00,Active,2026-10-01 02:00:00
SUP001833,ENT008656,Verford Textiles Ltd.,Professional Services,South Africa,30,Low,False,2016-11-23 00:00:00,Inactive,2026-10-01 02:00:00
SUP001834,ENT004011,Halmere Holdings Ltd.,IT Services,Australia,15,Low,False,15/08/2014,Active,2026-10-01 02:00:00
SUP001835,ENT005011,Valridge Pharma Ltd.,Facilities,Netherlands,60,Medium,False,2022-10-10 00:00:00,Active,2026-10-01 02:00:00
SUP001836,ENT008505,Calford Analytics Global 2 LLC,Events Services,Germany,60,Medium,False,02/06/2022,Inactive,2026-10-01 02:00:00
SUP001837,ENT002854,Verstone Health Global 2 Corp.,Professional Services,United States,30,Low,False,2021-12-20 00:00:00,Active,2026-10-01 02:00:00
SUP001838,ENT000175,Kelion Agritech GmbH,Professional Services,Philippines,15,Medium,False,2020-10-02 00:00:00,Active,2026-10-01 02:00:00
SUP001839,ENT000362,Zanmere Retail Corp.,Facilities,Canada,30,Low,False,2024-01-08 00:00:00,Active,2026-10-01 02:00:00
SUP001840,ENT002961,Keleon Agritech LLC,Software,United States,60,Low,False,2014-01-14 00:00:00,Inactive,2026-10-01 02:00:00
SUP001841,ENT004703,Orova Trading GmbH,Professional Services,France,30,Low,True,2024-12-02 00:00:00,Active,2026-10-01 02:00:00
SUP001842,ENT003410,Fenion Agritech Corp.,Facilities,Australia,45,Medium,False,2024-03-06 00:00:00,Active,2026-10-01 02:00:00
SUP001843,ENT004618,Corridge Biotech Corp.,IT Services,United States,30,Low,True,2018-12-07 00:00:00,Active,2026-10-01 02:00:00
SUP001844,ENT009851,Rosara Textiles Ltd.,IT Services,Philippines,45,Low,False,2017-06-07 00:00:00,Active,2026-10-01 02:00:00
SUP001845,ENT000596,Argate Systems B.V.,Travel,Philippines,30,Low,False,2017-10-12 00:00:00,Active,2026-10-01 02:00:00
SUP001846,ENT005869,,Travel,Philippines,45,High,False,2026-03-10 00:00:00,Active,2026-10-01 02:00:00
SUP001847,ENT009936,Alwick Holdings Corp.,Content Vendors,United Kingdom,60,Medium,False,2017-11-13 00:00:00,Active,2026-10-01 02:00:00
SUP001848,ENT007902,Lumvale Trading Co.,Software,Indonesia,45,Medium,True,2024-06-24 00:00:00,Inactive,2026-10-01 02:00:00
SUP001849,ENT007866,Ordale Pharma Global 2 Corp.,Facilities,India,15,Low,True,2025-04-28 00:00:00,Active,2026-10-01 02:00:00
SUP001850,ENT002191,Fenhaven Capital GmbH,Events Services,India,30,Low,False,2014-06-02 00:00:00,Active,2026-10-01 02:00:00
SUP001851,ENT008681,Verford Mining Pte. Ltd.,Content Vendors,Germany,60,High,False,2016-03-01 00:00:00,Active,2026-10-01 02:00:00
SUP001852,ENT001770,Lumdale Finance Corp.,Events Services,France,15,Low,False,2020-09-10 00:00:00,Active,2026-10-01 02:00:00
SUP001853,ENT004088,Venwick Agritech Corp.,Professional Services,United States,30,Medium,False,2022-09-23 00:00:00,Active,2026-10-01 02:00:00
SUP001854,ENT000388,Norstone Media Corp.,Travel,United Kingdom,30,Medium,False,2020-01-20 00:00:00,Active,2026-10-01 02:00:00
SUP001855,ENT008244,Arhaven Trading Inc.,Content Vendors,Isle of Calder (fictional),30,Low,False,2024-12-20 00:00:00,Active,2026-10-01 02:00:00
SUP001856,ENT006848,Kelstone Industries K.K.,IT Services,South Africa,30,Medium,False,2019-07-31 00:00:00,Active,2026-10-01 02:00:00
SUP001857,ENT003411,Calcrest Capital B.V.,,Japan,15,Low,False,2016-04-01 00:00:00,Active,2026-10-01 02:00:00
SUP001858,ENT001574,Ulport Analytics Inc.,Content Vendors,Malaysia,15,Low,False,2016-07-28 00:00:00,Active,2026-10-01 02:00:00
SUP001859,ENT005296,Galdell Packaging PLC,IT Services,Brazil,45,Low,False,2018-09-27 00:00:00,Inactive,2026-10-05 02:00:00
SUP001860,ENT001255,Corvanta Energy B.V.,Content Vendors,Vietnam,30,Medium,False,2016-07-04 00:00:00,Active,2026-10-01 02:00:00
SUP001861,ENT000861,Cormere Holdings Inc.,Content Vendors,Port Varos Free Zone (fictional),45,High,False,2015-07-10 00:00:00,Active,2026-10-01 02:00:00
SUP001862,ENT004044,Halmere Holdings Co.,Events Services,Germany,30,Medium,False,2018-03-12 00:00:00,Active,2026-10-01 02:00:00
SUP001863,ENT007916,Fenwick Health Pte. Global 2 Ltd.,Content Vendors,United Kingdom,30,Low,False,2025-02-27 00:00:00,Active,2026-10-01 02:00:00
SUP001864,ENT009439,Belbrook Pharma S.A.,Content Vendors,Indonesia,30,Medium,False,2014-09-12 00:00:00,Active,2026-10-01 02:00:00
SUP001865,ENT005163,Pelora Textiles PLC,Software,United States,30,Low,False,26/07/2023,Active,2026-10-01 02:00:00
SUP001866,ENT001041,Wesport Analytics PLC,Events Services,Malaysia,30,Low,False,2014-05-23 00:00:00,Active,2026-10-01 02:00:00
SUP001867,ENT009189,Briion Pharma GmbH,Software,Singapore,60,Medium,False,2019-04-25 00:00:00,Active,2026-10-01 02:00:00
SUP001868,ENT007422,Vengate Robotics K.K.,Facilities,France,15,Low,False,2018-03-21 00:00:00,Inactive,2026-10-01 02:00:00
SUP001869,ENT006759,Selmere Retail Corp.,Events Services,United States,30,Low,False,2025-05-27 00:00:00,Active,2026-10-01 02:00:00
SUP001870,ENT009575,Selmere Insurance K.K.,Professional Services,India,30,Low,False,2015-01-05 00:00:00,Active,2026-10-01 02:00:00
SUP001871,ENT009716,Arith Robotics B.V.,Software,Singapore,45,Low,False,01/04/2019,Blocked,2026-10-01 02:00:00
SUP001872,ENT007308,Istaris Labs K.K.,Content Vendors,United States,30,Low,True,2025-02-03 00:00:00,Active,2026-10-01 02:00:00
SUP001873,ENT003207,,Professional Services,Canada,30,Low,False,2015-05-29 00:00:00,Active,2026-10-01 02:00:00
SUP001874,ENT003505,Zandell Industries Corp.,Facilities,Philippines,30,Medium,False,2017-09-27 00:00:00,Active,2026-10-01 02:00:00
SUP001875,ENT003836,Wescrest Packaging S.A.,Professional Services,United States,45,Low,False,2016-10-10 00:00:00,Active,2026-10-01 02:00:00
SUP001876,ENT009693,Selgate Finance GmbH,Data Providers,Brazil,30,Low,False,2020-02-10 00:00:00,Active,2026-10-01 02:00:00
SUP001877,ENT003974,Istith Pharma Co.,Content Vendors,Germany,30,Low,True,2023-10-05 00:00:00,Active,2026-10-01 02:00:00
SUP001878,ENT003130,Briix Media Pte. Ltd.,IT Services,Philippines,30,Low,False,2014-03-05 00:00:00,Inactive,2026-10-01 02:00:00
SUP001879,ENT003313,Morora Finance K.K.,Content Vendors,Vietnam,30,Low,False,"Jun 19, 2015",Active,2026-10-01 02:00:00
SUP001880,ENT001438,,Facilities,United States,30,Medium,False,2026-05-11 00:00:00,Active,2026-10-01 02:00:00
SUP001881,ENT004313,Cormora Pharma Ltd.,Software,India,30,High,False,2024-08-27 00:00:00,Active,2026-10-01 02:00:00
SUP001882,ENT008315,Fenford Finance Co.,Facilities,Australia,60,Low,False,2021-02-27 00:00:00,Active,2026-10-01 02:00:00
SUP001883,ENT004438,Venora Finance S.A.,Professional Services,Netherlands,45,Low,True,2020-08-31 00:00:00,Active,2026-10-01 02:00:00
SUP001884,ENT005551,Pelmora Packaging K.K.,Software,Japan,45,High,True,2016-05-30 00:00:00,Active,2026-10-01 02:00:00
SUP001885,ENT008057,Halmere Energy B.V.,Travel,Japan,45,Low,False,2026-08-31 00:00:00,Active,2026-10-01 02:00:00
SUP001886,ENT004565,Pelaris Biotech PLC,Data Providers,Canada,60,Low,False,2014-09-03 00:00:00,Active,2026-10-01 02:00:00
SUP001887,ENT006749,Zandell Packaging Corp.,Software,United Kingdom,30,Low,False,2026-05-14 00:00:00,Inactive,2026-10-01 02:00:00
SUP001888,ENT001848,Selova Analytics Pte. Ltd.,IT Services,Japan,60,Low,False,2022-02-14 00:00:00,Active,2026-10-01 02:00:00
SUP001889,ENT007411,Lumion Media LLC,Professional Services,United Kingdom,60,Low,True,2023-01-20 00:00:00,Active,2026-10-01 02:00:00
SUP001890,ENT009308,Elhaven Logistics S.A.,IT Services,Japan,45,Low,False,2023-06-06 00:00:00,Active,2026-10-01 02:00:00
SUP001891,ENT003294,Marith Agritech PLC,Software,Canada,30,Medium,False,2025-05-30 00:00:00,Active,2026-10-01 02:00:00
SUP001892,ENT007649,Torstone Agritech Co.,Content Vendors,Brazil,30,Low,False,2022-02-14 00:00:00,Active,2026-10-01 02:00:00
SUP001893,ENT002912,Lumane Agritech B.V.,Content Vendors,China,60,Low,False,2020-01-07 00:00:00,Active,2026-10-01 02:00:00
SUP001894,ENT004576,Arcrest Holdings GmbH,Facilities,United Kingdom,30,Low,False,19/08/2026,Inactive,2026-10-01 02:00:00
SUP001895,ENT002357,Toren Capital Ltd.,Content Vendors,Canada,15,Low,False,2025-06-13 00:00:00,Inactive,2026-10-01 02:00:00
SUP001896,ENT003002,Lumvale Holdings B.V.,IT Services,Canada,15,Medium,False,20/08/2014,Active,2026-10-01 02:00:00
SUP001897,ENT007442,Elstone Analytics Pte. Ltd.,Facilities,UAE,60,Low,False,2015-11-04 00:00:00,Active,2026-10-01 02:00:00
SUP001898,ENT007338,Lumith Energy PLC,Events Services,South Africa,30,High,False,2019-10-23 00:00:00,Active,2026-10-01 02:00:00
SUP001899,ENT008305,Valgate Biotech LLC,Travel,India,30,Low,False,2022-02-28 00:00:00,Active,2026-10-01 02:00:00
SUP001900,ENT003081,Ulmora Trading Ltd.,Data Providers,Germany,60,Low,True,2016-07-18 00:00:00,Active,2026-10-01 02:00:00
SUP001901,ENT007248,Galvanta iFnance Corp.,Facilities,Indonesia,30,Low,False,2025-09-15 00:00:00,Active,2026-10-01 02:00:00
SUP001902,ENT007813,Morhaven Textiles PLC,Facilities,China,30,Low,False,2025-12-03 00:00:00,Inactive,2026-10-01 02:00:00
SUP001903,ENT006705,Galane Capital Co.,IT Services,Canada,60,Low,False,2017-08-10 00:00:00,Inactive,2026-10-01 02:00:00
SUP001904,ENT005798,Talith Textiles Inc.,Facilities,Canada,45,Low,False,2022-08-10 00:00:00,Active,2026-10-01 02:00:00
SUP001905,ENT001475,Norith Pharma K.K.,Content Vendors,Philippines,60,Low,False,2017-07-10 00:00:00,Active,2026-10-01 02:00:00
SUP001906,ENT008035,Callyn Textiles K.K.,IT Services,Brazil,45,Low,False,2024-08-13 00:00:00,Active,2026-10-01 02:00:00
SUP001907,ENT000925,Fenora Trading PLC,Events Services,Philippines,15,Low,False,2019-11-18 00:00:00,Inactive,2026-10-01 02:00:00
SUP001908,ENT001535,Caleon Pharma B.V.,Travel,South Africa,15,Low,False,2026-08-24 00:00:00,Active,2026-10-01 02:00:00
SUP001909,ENT004399,Bristone Textiles PLC,Content Vendors,India,60,Low,True,2018-06-15 00:00:00,Active,2026-10-01 02:00:00
SUP001910,ENT001910,Quinmora Retail S.A.,Data Providers,United Kingdom,45,Low,False,2016-08-05 00:00:00,Active,2026-10-01 02:00:00
SUP001911,ENT000839,Alwick Robotics Co.,Events Services,Philippines,15,Low,False,2018-07-04 00:00:00,Active,2026-10-01 02:00:00
SUP001912,ENT009545,Marmora Labs Pte. Ltd.,Travel,India,60,Low,False,2026-01-09 00:00:00,Active,2026-10-01 02:00:00
SUP001913,ENT007178,Quinvale Textiles Global 2 Corp.,IT Services,United States,60,Low,False,2024-08-30 00:00:00,Active,2026-10-01 02:00:00
SUP001914,ENT005415,Verlyn Partners Corp.,Software,Indonesia,30,Low,False,2022-02-07 00:00:00,Active,2026-10-01 02:00:00
SUP001915,ENT006546,Zanane Industries S.A.,Events Services,India,30,Low,False,2025-12-18 00:00:00,Active,2026-10-01 02:00:00
SUP001916,ENT006500,Ulbrook Industries PLC,Software,China,45,Low,False,2026-01-26 00:00:00,Active,2026-10-01 02:00:00
SUP001917,ENT003473,Corane Analytics PLC,Software,United States,30,Low,False,11/05/2015,Inactive,2026-10-01 02:00:00
SUP001918,ENT007201,,Facilities,Indonesia,30,Low,False,2017-12-14 00:00:00,Active,2026-10-01 02:00:00
SUP001919,ENT002017,Norova Capital GmbH,Content Vendors,United States,30,Low,False,2016-08-23 00:00:00,Active,2026-10-01 02:00:00
SUP001920,ENT006161,Norvanta Finance S.A.,Events Services,France,45,Low,False,2024-12-18 00:00:00,Active,2026-10-01 02:00:00
SUP001921,ENT003559,Wesbrook Mining Ltd.,IT Services,Japan,30,Medium,True,2025-02-17 00:00:00,Active,2026-10-01 02:00:00
SUP001922,ENT007005,Oreon Health GmbH,Content Vendors,Vietnam,15,Low,False,"Jan 15, 2025",Active,2026-10-01 02:00:00
SUP001923,ENT001626,Lumwick Partners Pte. Ltd.,Professional Services,United States,30,Medium,False,2022-02-11 00:00:00,Active,2026-10-01 02:00:00
SUP001924,ENT002778,Zanen Capital PLC,IT Services,Germany,30,Low,False,2020-05-13 00:00:00,Active,2026-10-01 02:00:00
SUP001925,ENT008499,Norgate Health Corp.,IT Services,United States,30,Low,False,2024-04-29 00:00:00,Inactive,2026-10-01 02:00:00
SUP001926,ENT000252,Calbrook Capital K.K.,IT Services,Australia,30,Low,False,2023-09-29 00:00:00,Active,2026-10-01 02:00:00
SUP001927,ENT002892,  areon labs corp. ,Content Vendors,China,45,Low,False,2019-03-19 00:00:00,Active,2026-10-01 02:00:00
SUP001928,ENT004626,Fenhaven Technologies Ltd.,Data Providers,United States,15,Low,False,17/05/2019,Active,2026-10-01 02:00:00
SUP001929,ENT005270,Lumion Mining LLC,Professional Services,Philippines,30,Medium,False,2014-05-09 00:00:00,Active,2026-10-01 02:00:00
SUP001930,ENT000084,Mareon Technologies Corp.,Events Services,United States,45,Low,False,2024-12-17 00:00:00,Active,2026-10-01 02:00:00
SUP001931,ENT001745,Valora Finance Inc.,Data Providers,Australia,60,Medium,True,2017-02-20 00:00:00,Active,2026-10-01 02:00:00
SUP001932,ENT009600,Halwick Labs GmbH,IT Services,Port Varos Free Zone (fictional),15,Low,False,2020-10-19 00:00:00,Active,2026-10-01 02:00:00
SUP001933,ENT000407,Alane Mining LLC,Events Services,United States,30,Low,False,2019-12-12 00:00:00,Active,2026-10-01 02:00:00
SUP001934,ENT003353,Belmora Consulting GmbH,Content Vendors,Indonesia,60,Low,False,2018-01-12 00:00:00,Active,2026-10-01 02:00:00
SUP001935,ENT009559,Istmora Industries Ltd.,Events Services,Philippines,30,Low,False,2017-11-20 00:00:00,Active,2026-10-01 02:00:00
SUP001936,ENT002517,Dorstone Consulting S.A.,IT Services,Singapore,30,Medium,False,2019-10-21 00:00:00,Inactive,2026-10-01 02:00:00
SUP001937,ENT002032,Valmora Analytics Co.,IT Services,United States,60,Low,False,2022-09-05 00:00:00,Blocked,2026-10-01 02:00:00
SUP001938,ENT001807,Ulvanta Logistics Corp.,Software,India,30,Medium,False,2024-03-21 00:00:00,Active,2026-10-01 02:00:00
SUP001939,ENT007850,,Facilities,United States,30,Low,False,2021-09-27 00:00:00,Active,2026-10-01 02:00:00
SUP001940,ENT005966,Ulvale Packaging Inc.,Facilities,India,60,Low,False,2015-12-09 00:00:00,Active,2026-10-01 02:00:00
SUP001941,ENT002336,Elmora Partners Pte. Ltd.,Events Services,Australia,30,Low,False,2016-07-29 00:00:00,Active,2026-10-01 02:00:00
SUP001942,ENT006340,Talvale Agritech Ltd.,Content Vendors,Japan,30,Medium,False,2018-02-27 00:00:00,Active,2026-10-01 02:00:00
SUP001943,ENT006986,Valix Logistics Ltd.,Content Vendors,Philippines,45,Low,False,2014-07-16 00:00:00,Active,2026-10-01 02:00:00
SUP001944,ENT009958,Calaris Robotics B.V.,Data Providers,United Kingdom,30,Low,False,2018-11-02 00:00:00,Blocked,2026-10-01 02:00:00
SUP001945,ENT004185,Morane Logistics S.A.,Software,Japan,30,Low,False,2019-05-15 00:00:00,Active,2026-10-01 02:00:00
SUP001946,ENT005168,Wesdell Mining Ltd.,Events Services,India,30,Low,False,2017-09-27 00:00:00,Inactive,2026-10-01 02:00:00
SUP001947,ENT009303,Verix Textiles S.A.,Events Services,France,60,Low,False,2025-09-15 00:00:00,Active,2026-10-01 02:00:00
SUP001948,ENT004070,Selaris Industries LLC,Professional Services,United Kingdom,60,Low,False,2024-03-12 00:00:00,Active,2026-10-01 02:00:00
SUP001949,ENT007910,Mardell Mining S.A.,IT Services,United States,30,High,False,2020-10-02 00:00:00,Active,2026-10-01 02:00:00
SUP001950,ENT008939,Bridell Mining PLC,IT Services,China,45,High,True,2021-02-26 00:00:00,Active,2026-10-01 02:00:00
SUP001951,ENT009391,VENWICK ANALYTICS CORP.,Content Vendors,Australia,30,Low,True,2017-10-20 00:00:00,Active,2026-10-01 02:00:00
SUP001952,ENT009045,Torcrest Holdings PLC,Professional Services,United States,60,Low,False,2024-08-07 00:00:00,Inactive,2026-10-01 02:00:00
SUP001953,ENT006036,Lumova Industries B.V.,,Philippines,60,Low,True,2014-12-29 00:00:00,Active,2026-10-01 02:00:00
SUP001954,ENT006510,Pelara Analytics LLC,Events Services,United States,30,Low,True,2025-03-12 00:00:00,Active,2026-10-01 02:00:00
SUP001955,ENT002116,Ulora Capital Inc.,Professional Services,Philippines,60,Low,False,2015-11-15 00:00:00,Active,2026-10-01 02:00:00
SUP001956,ENT003283,Belmere Energy Inc.,Content Vendors,Japan,30,Medium,False,2022-02-04 00:00:00,Active,2026-10-01 02:00:00
SUP001957,ENT008210,Venmere Retail K.K.,IT Services,Japan,15,Medium,False,2015-01-12 00:00:00,Active,2026-10-01 02:00:00
SUP001958,ENT007851,Ularis Foods K.K.,Professional Services,United Kingdom,60,Low,False,2024-02-16 00:00:00,Active,2026-10-01 02:00:00
SUP001959,ENT004525,Kelford Consulting LLC,Data Providers,United States,60,Low,True,2025-05-28 00:00:00,Blocked,2026-10-01 02:00:00
SUP001960,ENT009134,Verix Foods GmbH,IT Services,Vietnam,30,Medium,False,2014-04-23 00:00:00,Inactive,2026-10-01 02:00:00
SUP001961,ENT003545,Wesane RetailG mbH,IT Services,Australia,30,Low,False,2014-11-25 00:00:00,Active,2026-10-01 02:00:00
SUP001962,ENT003115,Ulen Holdings Co.,IT Services,India,60,Low,False,2026-07-06 00:00:00,Active,2026-10-01 02:00:00
SUP001963,ENT003941,Talford Trading K.K.,Data Providers,United States,15,Low,True,2020-10-20 00:00:00,Active,2026-10-01 02:00:00
SUP001964,ENT008793,Istmere Energy Pte. Ltd.,Content Vendors,Australia,30,Medium,True,2026-04-02 00:00:00,Active,2026-10-01 02:00:00
SUP001965,ENT009627,Weslyn Industries PLC,Professional Services,United States,60,Low,False,2018-07-13 00:00:00,Inactive,2026-10-01 02:00:00
SUP001966,ENT007870,Briaris Technologies Ltd.,Content Vendors,Malaysia,45,High,False,2017-12-28 00:00:00,Active,2026-10-01 02:00:00
SUP001967,ENT001762,Elmere Retail Pte. Ltd.,Events Services,Australia,60,Low,True,2023-04-07 00:00:00,Active,2026-10-01 02:00:00
SUP001968,ENT008267,Arvale Analytics PLC,Professional Services,Philippines,30,Low,False,2025-11-25 00:00:00,Active,2026-10-01 02:00:00
SUP001969,ENT006959,Albrook Health GmbH,Software,China,30,Low,False,27/01/2014,Active,2026-10-01 02:00:00
SUP001970,ENT007564,Mardale Trading S.A.,Content Vendors,Canada,60,Low,False,2023-06-06 00:00:00,Active,2026-10-01 02:00:00
SUP001971,ENT009759,Zanvanta Pharma Pte. Ltd.,IT Services,Philippines,30,Low,False,2015-07-23 00:00:00,Active,2026-10-01 02:00:00
SUP001972,ENT000232,Ordale Textiles Ltd.,Software,Indonesia,30,Low,True,2016-12-27 00:00:00,Active,2026-10-01 02:00:00
SUP001973,ENT005240,Dormere Mining Inc.,Content Vendors,India,60,Low,False,2022-06-16 00:00:00,Active,2026-10-01 02:00:00
SUP001974,ENT004563,Calane Finance Corp.,Professional Services,Singapore,30,Low,False,2014-02-20 00:00:00,Active,2026-10-01 02:00:00
SUP001975,ENT002671,Halix Energy S.A.,Content Vendors,Indonesia,60,Low,False,2016-10-26 00:00:00,Inactive,2026-10-01 02:00:00
SUP001976,ENT000743,Roshaven Finance Corp.,Facilities,Japan,60,Low,False,2025-09-29 00:00:00,Active,2026-10-01 02:00:00
SUP001977,ENT001522,Fenith Analytics K.K.,IT Services,United States,30,Medium,False,2024-12-06 00:00:00,Inactive,2026-10-01 02:00:00
SUP001978,ENT008639,Valora Media S.A.,IT Services,Brazil,45,Low,False,2019-04-12 00:00:00,Active,2026-10-01 02:00:00
SUP001979,ENT000449,Galeon Agritech Pte. Ltd.,IT Services,China,30,Medium,True,2014-07-08 00:00:00,Active,2026-10-01 02:00:00
SUP001980,ENT000128,Lumlyn Mining S.A.,IT Services,United States,30,Low,False,2015-10-12 00:00:00,Active,2026-10-01 02:00:00
SUP001981,ENT009522,Lumen Biotech S.A.,Data Providers,Philippines,30,Low,False,2015-02-16 00:00:00,Active,2026-10-01 02:00:00
SUP001982,ENT000448,Valen Foods Ltd.,Events Services,Germany,15,Low,True,"Nov 26, 2021",Active,2026-10-01 02:00:00
SUP001983,ENT002929,Quinmere Partners Global 2 GmbH,Events Services,Philippines,30,Medium,False,2025-03-16 00:00:00,Active,2026-10-01 02:00:00
SUP001984,ENT002323,Moreon Mining LLC,Content Vendors,Philippines,45,Low,False,2019-09-09 00:00:00,Active,2026-10-01 02:00:00
SUP001985,ENT008008,Selwick Holdings B.V.,Events Services,South Africa,30,Medium,True,2019-01-08 00:00:00,Active,2026-10-01 02:00:00
SUP001986,ENT009480,,Events Services,Brazil,30,Low,False,2024-12-02 00:00:00,Active,2026-10-01 02:00:00
SUP001987,ENT009984,Wesgate Holdings LLC,Professional Services,Brazil,30,Low,True,2017-02-03 00:00:00,Active,2026-10-01 02:00:00
SUP001988,ENT000713,Belbrook Logistics LLC,Content Vendors,United States,30,Medium,False,2026-03-25 00:00:00,Active,2026-10-01 02:00:00
SUP001989,ENT005842,AlixF oods Co.,IT Services,South Africa,60,Low,True,2018-08-08 00:00:00,Active,2026-10-01 02:00:00
SUP001990,ENT003995,Corbrook Analytics Global 2 Inc.,Content Vendors,Singapore,30,Medium,False,2025-01-15 00:00:00,Active,2026-10-01 02:00:00
SUP001991,ENT005037,Vereon Media S.A.,Professional Services,Germany,15,Low,False,2020-12-11 00:00:00,Active,2026-10-01 02:00:00
SUP001992,ENT005046,Orith Finance S.A.,IT Services,United States,30,High,False,2015-05-15 00:00:00,Active,2026-10-01 02:00:00
SUP001993,ENT004143,Verdale Biotech B.V.,Facilities,China,60,Low,False,2021-01-04 00:00:00,Active,2026-10-01 02:00:00
SUP001994,ENT002367,Wesmora Analytics S.A.,Software,Singapore,60,Medium,False,29/09/2017,Inactive,2026-10-01 02:00:00
SUP001995,ENT008144,Marova Packaging Corp.,Professional Services,United Kingdom,15,Low,False,2018-04-26 00:00:00,Active,2026-10-01 02:00:00
SUP001996,ENT009724,Dorith Logistics Co.,Content Vendors,Netherlands,30,Low,False,2014-11-25 00:00:00,Active,2026-10-01 02:00:00
SUP001997,ENT001432,Tordell Analytics Inc.,Software,Malaysia,45,High,True,2014-08-05 00:00:00,Active,2026-10-01 02:00:00
SUP001998,ENT009992,Talvale Capital LLC,Content Vendors,India,30,Low,False,2021-12-23 00:00:00,Active,2026-10-01 02:00:00
SUP001999,ENT005887,Alen Media Global 2 K.K.,Professional Services,Indonesia,30,Low,False,2016-02-19 00:00:00,Active,2026-10-01 02:00:00
SUP002000,ENT006464,Margate Labs S.A.,Events Services,Japan,15,Low,True,2016-05-13 00:00:00,Active,2026-10-01 02:00:00
SUP002001,ENT009865,Galport Agritech Ltd.,Events Services,Germany,30,Medium,True,2025-05-19 00:00:00,Active,2026-10-01 02:00:00
SUP002002,ENT006892,Valmere Biotec hK.K.,Travel,South Africa,60,Medium,False,2015-06-23 00:00:00,Active,2026-10-01 02:00:00
SUP002003,ENT008585,Calith Packaging B.V.,Content Vendors,Singapore,30,Low,False,2021-06-07 00:00:00,Active,2026-10-01 02:00:00
SUP002004,ENT001425,Ulora Holdings S.A.,Data Providers,India,60,Low,False,2021-01-28 00:00:00,Active,2026-10-01 02:00:00
SUP002005,ENT003972,Zanbrook Energy Ltd.,Events Services,United States,30,Low,False,2022-10-13 00:00:00,Active,2026-10-01 02:00:00
SUP002006,ENT003565,Elridge Logistics Ltd.,Travel,Brazil,30,Medium,False,2017-10-05 00:00:00,Active,2026-10-01 02:00:00
SUP002007,ENT001505,Haldell Agritech S.A.,Software,United Kingdom,60,Low,False,2015-01-19 00:00:00,Active,2026-10-01 02:00:00
SUP002008,ENT006937,Cordale Finance PLC,Professional Services,Malaysia,30,Low,True,2014-07-25 00:00:00,Active,2026-10-01 02:00:00
SUP002009,ENT003278,Belane Health Inc.,Travel,United States,45,High,False,2025-07-23 00:00:00,Active,2026-10-01 02:00:00
SUP002010,ENT000192,Normora Motors PLC,Travel,Port Varos Free Zone (fictional),60,Low,False,2015-02-02 00:00:00,Active,2026-10-01 02:00:00
SUP002011,ENT008963,Keleon Foods Ltd.,Data Providers,United States,30,Low,True,2015-08-03 00:00:00,Active,2026-10-01 02:00:00
SUP002012,ENT002741,Selwick Packaging LLC,Facilities,Philippines,30,Low,False,2019-03-08 00:00:00,Inactive,2026-10-01 02:00:00
SUP002013,ENT006680,Armora Textiles Pte. Ltd.,Events Services,United States,30,Medium,True,2019-01-07 00:00:00,Blocked,2026-10-01 02:00:00
SUP002014,ENT002225,Coraris Technologies K.K.,Software,India,30,Low,False,2019-07-15 00:00:00,Active,2026-10-01 02:00:00
SUP002015,ENT009272,,IT Services,South Africa,30,Low,False,2018-09-21 00:00:00,Active,2026-10-01 02:00:00
SUP002016,ENT004221,Quinane Technologies S.A.,Data Providers,Philippines,60,Low,False,2024-02-09 00:00:00,Active,2026-10-01 02:00:00
SUP002017,ENT001291,  arix labs b.v. ,Professional Services,Australia,30,Low,False,2019-11-18 00:00:00,Inactive,2026-10-01 02:00:00
SUP002018,ENT006042,Fenwick Biotech Co.,Facilities,United States,30,Low,False,2022-11-21 00:00:00,Active,2026-10-01 02:00:00
SUP002019,ENT009485,Arlyn Mining Pte. Ltd.,Facilities,Japan,15,Low,True,2023-09-11 00:00:00,Active,2026-10-01 02:00:00
SUP002020,ENT009636,Arith Partners Inc.,Professional Services,Japan,45,Low,False,2023-08-16 00:00:00,Active,2026-10-01 02:00:00
SUP002021,ENT004919,Rosaris Motors Co.,Data Providers,China,45,Medium,True,2024-04-03 00:00:00,Active,2026-10-01 02:00:00
SUP002022,ENT005146,Lumaris Consulting Ltd.,Data Providers,India,30,High,True,"Sep 26, 2014",Active,2026-10-01 02:00:00
SUP002023,ENT002092,Quinaris Media S.A.,Professional Services,Vietnam,60,Low,False,2016-07-29 00:00:00,Active,2026-10-01 02:00:00
SUP002024,ENT002132,Pelora Retail Ltd.,Facilities,Singapore,30,Low,True,2021-06-25 00:00:00,Active,2026-10-01 02:00:00
SUP002025,ENT006214,Fenova Energy Corp.,Content Vendors,Japan,30,Low,True,2020-08-17 00:00:00,Active,2026-10-01 02:00:00
SUP002026,ENT005406,Seleon Textiles Pte. Ltd.,Professional Services,China,45,Low,False,2025-12-11 00:00:00,Active,2026-10-01 02:00:00
SUP002027,ENT007028,Calford Logistics Inc.,Events Services,Singapore,30,Low,False,2018-05-11 00:00:00,Active,2026-10-01 02:00:00
SUP002028,ENT003457,Wesvale Health Corp.,Facilities,Netherlands,30,Medium,False,2021-11-08 00:00:00,Active,2026-10-01 02:00:00
SUP002029,ENT004793,Orix Trading PLC,IT Services,Germany,30,Low,False,2023-12-28 00:00:00,Active,2026-10-01 02:00:00
SUP002030,ENT002267,Marix Media LLC,IT Services,United States,30,Low,False,2023-07-13 00:00:00,Active,2026-10-01 02:00:00
SUP002031,ENT007636,Kelport Technologies Pte. Ltd.,Software,Philippines,15,Medium,True,2015-08-07 00:00:00,Active,2026-10-01 02:00:00
SUP002032,ENT005691,Quinvale Systems S.A.,Facilities,Australia,30,Low,False,2026-06-10 00:00:00,Active,2026-10-01 02:00:00
SUP002033,ENT004792,Gallyn Analytics Ltd.,Events Services,China,30,Medium,True,2021-11-15 00:00:00,Active,2026-10-01 02:00:00
SUP002034,ENT003235,Fengate Industries Inc.,Content Vendors,Germany,30,Low,True,31/08/2020,Active,2026-10-01 02:00:00
SUP002035,ENT006962,Dordell Logistics PLC,Facilities,Germany,30,Medium,False,2022-09-02 00:00:00,Active,2026-10-01 02:00:00
SUP002036,ENT000492,Orith Analytics Inc.,Content Vendors,Vietnam,45,Low,False,2019-09-05 00:00:00,Active,2026-10-01 02:00:00
SUP002037,ENT003701,Selara Partners PLC,Professional Services,Singapore,30,Low,False,2023-10-04 00:00:00,Active,2026-10-01 02:00:00
SUP002038,ENT006882,Ularis Energy B.V.,Content Vendors,Philippines,45,Low,False,2025-08-25 00:00:00,Active,2026-10-01 02:00:00
SUP002039,ENT006120,Mordell Foods B.V.,IT Services,Brazil,60,Low,False,2014-06-25 00:00:00,Active,2026-10-01 02:00:00
SUP002040,ENT006351,Ulcrest Technologies Corp.,Software,France,30,Low,False,2015-12-25 00:00:00,Inactive,2026-10-01 02:00:00
SUP002041,ENT006573,Elwick Finance Pte. Ltd.,IT Services,Brazil,60,Low,True,2018-07-27 00:00:00,Active,2026-10-01 02:00:00
SUP002042,ENT006147,Verora SystemsB .V.,IT Services,France,30,Low,False,2024-05-14 00:00:00,Active,2026-10-01 02:00:00
SUP002043,ENT008809,SELHAVEN PHARMA GMBH,Facilities,Singapore,60,Low,False,2024-11-14 00:00:00,Active,2026-10-01 02:00:00
SUP002044,ENT006860,Veneon Mining Ltd.,Data Providers,South Africa,30,Low,False,2019-11-06 00:00:00,Active,2026-10-01 02:00:00
SUP002045,ENT005976,Marara Textiles GmbH,Professional Services,India,60,Low,False,2017-02-01 00:00:00,Active,2026-10-01 02:00:00
SUP002046,ENT000037,,Professional Services,India,30,Medium,False,2023-08-14 00:00:00,Active,2026-10-01 02:00:00
SUP002047,ENT008779,Torion Logistics Co.,Facilities,United States,30,Medium,False,2022-02-25 00:00:00,Active,2026-10-01 02:00:00
SUP002048,ENT003370,Norvanta Labs LLC,Professional Services,Indonesia,30,Medium,False,2023-09-11 00:00:00,Active,2026-10-01 02:00:00
SUP002049,ENT009928,Quingate Foods Corp.,Events Services,India,30,Low,False,2023-03-21 00:00:00,Active,2026-10-01 02:00:00
SUP002050,ENT007172,Pelstone Motors K.K.,IT Services,Australia,60,Low,False,2024-04-03 00:00:00,Active,2026-10-01 02:00:00
SUP002051,ENT008442,Marion Logistics Corp.,Software,United States,30,Low,False,2016-01-12 00:00:00,Blocked,2026-10-01 02:00:00
SUP002052,ENT000088,Kelara Analytics GmbH,Software,Philippines,15,Low,False,2014-01-23 00:00:00,Active,2026-10-01 02:00:00
SUP002053,ENT009234,Keldale Packaging Corp.,IT Services,United Kingdom,15,Medium,False,2020-07-23 00:00:00,Active,2026-10-01 02:00:00
SUP002054,ENT006792,Halmora Labs K.K.,IT Services,United States,15,Medium,False,2026-05-25 00:00:00,Active,2026-10-01 02:00:00
SUP002055,ENT007483,Istridge Industries PLC,Professional Services,United Kingdom,15,Low,False,2019-01-11 00:00:00,Active,2026-10-01 02:00:00
SUP002056,ENT002486,Seldale Retail LLC,Content Vendors,India,30,Medium,True,2020-08-06 00:00:00,Active,2026-10-01 02:00:00
SUP002057,ENT009382,Calvanta Systems K.K.,Professional Services,Japan,30,Low,False,2019-09-11 00:00:00,Active,2026-10-01 02:00:00
SUP002058,ENT001869,Eldell Industries Inc.,Facilities,United States,30,Low,False,2026-01-09 00:00:00,Inactive,2026-10-01 02:00:00
SUP002059,ENT003257,Zanen Holdings Corp.,Software,Singapore,15,Low,False,2022-01-03 00:00:00,Active,2026-10-01 02:00:00
SUP002060,ENT002663,Morford Labs LLC,IT Services,United States,60,Low,False,2026-02-10 00:00:00,Active,2026-10-01 02:00:00
SUP002061,ENT009563,Selora Logistics Co.,Software,India,30,Low,False,2014-09-12 00:00:00,Active,2026-10-01 02:00:00
SUP002062,ENT007129,Norstone Logistics Inc.,Travel,United Kingdom,45,Low,False,12/04/2021,Active,2026-10-01 02:00:00
SUP002063,ENT001938,Lummere Labs Inc.,IT Services,United States,30,Medium,False,2026-02-27 00:00:00,Active,2026-10-01 02:00:00
SUP002064,ENT008776,Valford Foods Ltd.,Content Vendors,China,15,Low,False,2024-04-23 00:00:00,Active,2026-10-01 02:00:00
SUP002065,ENT009558,Zanvanta Packaging Co.,IT Services,India,60,Low,False,2015-07-24 00:00:00,Active,2026-10-01 02:00:00
SUP002066,ENT007391,Briport Trading Co.,Data Providers,Singapore,30,Low,False,2021-10-04 00:00:00,Active,2026-10-01 02:00:00
SUP002067,ENT005291,Venhaven Consulting Inc.,Professional Services,Japan,60,Medium,True,2014-02-04 00:00:00,Active,2026-10-01 02:00:00
SUP002068,ENT007078,Istaris Systems K.K.,Content Vendors,China,15,Low,False,2021-01-04 00:00:00,Inactive,2026-10-01 02:00:00
SUP002069,ENT002172,Quinvanta Robotics S.A.,Content Vendors,Isle of Calder (fictional),30,Medium,False,2020-11-27 00:00:00,Active,2026-10-01 02:00:00
SUP002070,ENT002027,Calane Motors S.A.,Professional Services,Singapore,45,High,False,2015-12-24 00:00:00,Active,2026-10-01 02:00:00
SUP002071,ENT002407,Galora Analytics LLC,Events Services,Indonesia,30,Medium,False,2019-11-01 00:00:00,Active,2026-10-01 02:00:00
SUP002072,ENT003882,Orara Pharma Co.,Events Services,Germany,30,Medium,False,2023-04-24 00:00:00,Active,2026-10-01 02:00:00
SUP002073,ENT005530,Norcrest Foods Inc.,Data Providers,Australia,15,Medium,False,2023-09-22 00:00:00,Inactive,2026-10-01 02:00:00
SUP002074,ENT009367,Areon Analytics LLC,Professional Services,South Africa,15,Medium,False,2019-08-01 00:00:00,Active,2026-10-01 02:00:00
SUP002075,ENT008488,Doren Agritech B.V.,Content Vendors,Philippines,60,Medium,False,2018-09-12 00:00:00,Active,2026-10-01 02:00:00
SUP002076,ENT000606,,Content Vendors,India,15,Low,False,2023-12-12 00:00:00,Active,2026-10-01 02:00:00
SUP002077,ENT006562,Gallyn Robotics K.K.,IT Services,India,60,Low,False,2025-05-23 00:00:00,Active,2026-10-01 02:00:00
SUP002078,ENT003755,  selix consulting inc. ,Data Providers,India,15,Low,False,2019-11-05 00:00:00,Active,2026-10-01 02:00:00
SUP002079,ENT003336,Belbrook Pharma PLC,Facilities,United Kingdom,15,Low,False,2018-11-18 00:00:00,Active,2026-10-01 02:00:00
SUP002080,ENT005044,Halvale Mining S.A.,Content Vendors,Australia,60,Low,False,2020-04-03 00:00:00,Active,2026-10-01 02:00:00
SUP002081,ENT001274,Pellyn Labs S.A.,Travel,South Africa,30,Low,False,2017-05-15 00:00:00,Active,2026-10-01 02:00:00
SUP002082,ENT003975,Morwick Agritech Ltd.,Professional Services,United States,60,Low,False,2020-10-12 00:00:00,Inactive,2026-10-01 02:00:00
SUP002083,ENT002417,Ulmere Insurance B.V.,Professional Services,United Kingdom,45,Medium,True,2022-05-06 00:00:00,Active,2026-10-01 02:00:00
SUP002084,ENT002687,Arith Textiles LLC,Professional Services,Netherlands,45,Medium,False,2023-07-07 00:00:00,Active,2026-10-01 02:00:00
SUP002085,ENT009363,Venhaven Technologies Ltd.,Events Services,United Kingdom,45,Low,False,2020-03-20 00:00:00,Active,2026-10-01 02:00:00
SUP002086,ENT003367,Orora Health GmbH,Professional Services,Canada,45,Medium,False,2015-08-17 00:00:00,Active,2026-10-01 02:00:00
SUP002087,ENT009401,Orix Retail Co.,,United States,30,Low,False,2021-03-04 00:00:00,Inactive,2026-10-01 02:00:00
SUP002088,ENT002847,Valix Partners Corp.,Events Services,Germany,30,Medium,False,2015-10-08 00:00:00,Active,2026-10-01 02:00:00
SUP002089,ENT003433,Verane Media PLC,Content Vendors,Vietnam,15,Medium,False,2022-05-06 00:00:00,Active,2026-10-01 02:00:00
SUP002090,ENT001674,Talridge Finance Co.,Professional Services,United States,15,Medium,False,22/08/2015,Active,2026-10-01 02:00:00
SUP002091,ENT002138,Rosaris Textiels PLC,Travel,United Kingdom,30,High,False,2026-01-06 00:00:00,Inactive,2026-10-01 02:00:00
SUP002092,ENT003858,Venwick Technologies Pte. Ltd.,Facilities,United Kingdom,60,Medium,False,2015-01-09 00:00:00,Active,2026-10-01 02:00:00
SUP002093,ENT001834,Talen Pharma B.V.,Facilities,India,30,Medium,False,2018-08-06 00:00:00,Active,2026-10-01 02:00:00
SUP002094,ENT007852,Armora Insurance GmbH,IT Services,Philippines,30,Low,False,2023-08-28 00:00:00,Active,2026-10-01 02:00:00
SUP002095,ENT004409,Brigate Consulting PLC,Facilities,India,30,High,False,2020-04-13 00:00:00,Active,2026-10-01 02:00:00
SUP002096,ENT002333,Tormere Consulting Corp.,Professional Services,Japan,30,Low,True,"Aug 23, 2020",Active,2026-10-01 02:00:00
SUP002097,ENT008501,Halcrest Foods K.K.,Professional Services,India,15,Low,True,2021-03-19 00:00:00,Active,2026-10-01 02:00:00
SUP002098,ENT009714,Valith Retail Inc.,,Philippines,30,Low,True,2017-06-09 00:00:00,Active,2026-10-01 02:00:00
SUP002099,ENT008765,Areon Capital B.V.,,Japan,30,Low,True,2022-02-21 00:00:00,Active,2026-10-01 02:00:00
SUP002100,ENT009377,Selova Finance GmbH,Professional Services,United States,45,Low,False,2021-09-16 00:00:00,Active,2026-10-01 02:00:00
SUP002101,ENT003772,Kelora Finance Co.,IT Services,Isle of Calder (fictional),60,Low,False,2015-04-24 00:00:00,Active,2026-10-01 02:00:00
SUP002102,ENT003724,Galmere Trading LLC,Content Vendors,United States,30,Low,True,2024-06-24 00:00:00,Active,2026-10-01 02:00:00
SUP002103,ENT002447,Quinvanta Media K.K.,IT Services,Philippines,60,Medium,False,2020-06-12 00:00:00,Active,2026-10-01 02:00:00
SUP002104,ENT003923,Almora Health Inc.,Professional Services,Netherlands,45,High,False,2017-06-16 00:00:00,Active,2026-10-01 02:00:00
SUP002105,ENT005632,Valeon Consulting Ltd.,Software,Indonesia,30,Medium,False,2017-03-24 00:00:00,Active,2026-10-01 02:00:00
SUP002106,ENT009773,Alport Pharma Corp.,Travel,China,30,Low,False,2020-09-14 00:00:00,Active,2026-10-01 02:00:00
SUP002107,ENT006460,Arstone Foods Corp.,Professional Services,Singapore,30,Low,False,2019-10-18 00:00:00,Active,2026-10-01 02:00:00
SUP002108,ENT002662,VALBROOK HOLDINGS B.V.,Facilities,United States,30,Low,False,2014-10-24 00:00:00,Active,2026-10-01 02:00:00
SUP002109,ENT009666,Rosora Media Pte. Ltd.,Professional Services,China,30,Low,False,2017-04-07 00:00:00,Active,2026-10-01 02:00:00
SUP002110,ENT006387,Dorridge Media PLC,Events Services,United Kingdom,60,Low,True,2026-04-30 00:00:00,Active,2026-10-01 02:00:00
SUP002111,ENT001095,Marion Finance Co.,IT Services,Australia,45,Low,False,2021-08-04 00:00:00,Active,2026-10-01 02:00:00
SUP002112,ENT000747,Brien Partners Pte. Ltd.,Events Services,Germany,30,Low,False,"Apr 19, 2022",Active,2026-10-01 02:00:00
SUP002113,ENT004687,,IT Services,Australia,30,Low,False,2026-05-22 00:00:00,Active,2026-10-01 02:00:00
SUP002114,ENT004745,Pelhaven Technologies K.K.,Facilities,United Kingdom,60,Medium,False,2018-11-08 00:00:00,Active,2026-10-01 02:00:00
SUP002115,ENT007305,Morion Biotech PLC,Professional Services,United Kingdom,45,Low,False,2019-06-24 00:00:00,Active,2026-10-01 02:00:00
SUP002116,ENT003335,Lumova Systems Inc.,Software,United Kingdom,30,Medium,False,2022-05-20 00:00:00,Active,2026-10-01 02:00:00
SUP002117,ENT001982,Corgate Systems Pte. Ltd.,IT Services,Philippines,30,High,False,2018-08-10 00:00:00,Active,2026-10-01 02:00:00
SUP002118,ENT001104,Bricrest Capital Pte. Ltd.,Software,India,45,Low,False,2021-03-01 00:00:00,Active,2026-10-01 02:00:00
SUP002119,ENT003247,Calmora Logistics Inc.,Content Vendors,United Kingdom,30,Low,False,2014-03-11 00:00:00,Inactive,2026-10-01 02:00:00
SUP002120,ENT003477,Briora Robotics Global 2 PLC,Events Services,Brazil,60,Low,False,2016-10-19 00:00:00,Active,2026-10-01 02:00:00
SUP002121,ENT006966,Norridge Holdings Inc.,Data Providers,Philippines,30,Low,True,2021-07-13 00:00:00,Active,2026-10-01 02:00:00
SUP002122,ENT004737,Verridge Health Corp.,Software,Philippines,30,Low,False,2018-10-29 00:00:00,Active,2026-10-01 02:00:00
SUP002123,ENT004192,Galwick Labs S.A.,Facilities,Isle of Calder (fictional),60,Low,False,2018-11-05 00:00:00,Active,2026-10-01 02:00:00
SUP002124,ENT004551,Galaris Holdings Co.,Professional Services,Malaysia,30,Low,False,2022-01-28 00:00:00,Active,2026-10-01 02:00:00
SUP002125,ENT003068,Lumdell Systems S.A.,Software,United States,45,Low,False,2015-03-16 00:00:00,Active,2026-10-01 02:00:00
SUP002126,ENT004818,,Facilities,China,30,Low,False,2023-03-06 00:00:00,Blocked,2026-10-01 02:00:00
SUP002127,ENT002318,Brimora Consulting PLC,IT Services,United Kingdom,60,Low,False,2017-03-16 00:00:00,Active,2026-10-01 02:00:00
SUP002128,ENT002015,Valford Holdings Ltd.,,United States,45,Low,False,2015-02-26 00:00:00,Active,2026-10-01 02:00:00
SUP002129,ENT002770,Dorwick Partners GmbH,IT Services,United States,30,Medium,False,2018-02-23 00:00:00,Active,2026-10-01 02:00:00
SUP002130,ENT009941,Quindale Systems GmbH,Software,United States,30,Low,False,2015-01-21 00:00:00,Active,2026-10-01 02:00:00
SUP002131,ENT002014,Haldell Robotics Co.,IT Services,Canada,60,High,False,2020-12-17 00:00:00,Active,2026-10-01 02:00:00
SUP002132,ENT008084,Ellyn Technologies GmbH,Content Vendors,China,30,Low,False,2025-05-27 00:00:00,Active,2026-10-01 02:00:00
SUP002133,ENT002675,Dorlyn Robotics LLC,Travel,Philippines,15,Low,True,2017-09-20 00:00:00,Active,2026-10-01 02:00:00
SUP002134,ENT004619,Dormora Capital K.K.,Content Vendors,Philippines,60,Medium,False,2015-07-10 00:00:00,Active,2026-10-01 02:00:00
SUP002135,ENT001897,Kelgate Labs PLC,Data Providers,United States,30,Low,True,2017-10-20 00:00:00,Active,2026-10-01 02:00:00
SUP002136,ENT001186,  none ,Data Providers,UAE,60,Low,False,2022-08-12 00:00:00,Active,2026-10-01 02:00:00
SUP002137,ENT000466,Quinmere Packaging GmbH,Data Providers,United States,30,Low,False,2022-06-10 00:00:00,Active,2026-10-01 02:00:00
SUP002138,ENT006831,Istvanta Health B.V.,IT Services,Malaysia,30,Low,True,2014-04-15 00:00:00,Active,2026-10-01 02:00:00
SUP002139,ENT003307,Selora Motors Corp.,Data Providers,Malaysia,30,Low,False,2017-02-20 00:00:00,Active,2026-10-01 02:00:00
SUP002140,ENT008511,Abrrook Labs LLC,IT Services,Ostrava Keys (fictional),30,Low,False,2026-06-10 00:00:00,Active,2026-10-01 02:00:00
SUP002141,ENT001856,Rosstone Holdings Corp.,Data Providers,Netherlands,60,High,False,2020-09-09 00:00:00,Active,2026-10-01 02:00:00
SUP002142,ENT006808,Marith Retail Inc.,Professional Services,Philippines,30,Low,False,2022-09-22 00:00:00,Inactive,2026-10-01 02:00:00
SUP002143,ENT003818,Peldale Robotics GmbH,IT Services,Germany,30,Low,False,2017-05-22 00:00:00,Active,2026-10-01 02:00:00
SUP002144,ENT001998,Pelvale Trading S.A.,Professional Services,Australia,30,High,False,2016-06-23 00:00:00,Active,2026-10-01 02:00:00
SUP002145,ENT002124,Nordell Health Co.,,Malaysia,60,Low,False,2021-05-21 00:00:00,Active,2026-10-01 02:00:00
SUP002146,ENT006814,Corbrook Holdings Global 2 Co.,IT Services,United States,30,Low,False,2024-08-02 00:00:00,Active,2026-10-01 02:00:00
SUP002147,ENT003484,Marora Media Global 2 B.V.,Professional Services,Germany,45,Medium,False,2016-06-01 00:00:00,Active,2026-10-01 02:00:00
SUP002148,ENT000934,Fenford Industries K.K.,IT Services,India,30,Low,False,2022-03-23 00:00:00,Active,2026-10-01 02:00:00
SUP002149,ENT008322,Ulith Mining Co.,IT Services,China,30,Low,False,2024-11-26 00:00:00,Active,2026-10-01 02:00:00
SUP002150,ENT008542,Torix Biotech Co.,Professional Services,Germany,30,High,False,2018-08-20 00:00:00,Active,2026-10-01 02:00:00
SUP002151,ENT007431,Galford Analytics Ltd.,Events Services,United Kingdom,30,Low,True,2018-07-23 00:00:00,Active,2026-10-01 02:00:00
SUP002152,ENT006752,Rosport Media GmbH,Content Vendors,Canada,30,Low,False,2016-02-18 00:00:00,Active,2026-10-01 02:00:00
SUP002153,ENT005877,Zancrest Consulting PLC,IT Services,UAE,15,Medium,False,2016-07-22 00:00:00,Active,2026-10-01 02:00:00
SUP002154,ENT006575,Zanion Industries K.K.,Professional Services,Philippines,60,High,False,2016-09-02 00:00:00,Active,2026-10-23 02:00:00
SUP002155,ENT000419,Quinbrook Textiles .SA.,Content Vendors,India,30,Low,True,2019-02-20 00:00:00,Active,2026-10-01 02:00:00
SUP002156,ENT008158,Galmere Retail Ltd.,Events Services,France,45,Low,False,2019-03-15 00:00:00,Active,2026-10-01 02:00:00
SUP002157,ENT002797,Calara Agritech B.V.,Software,United States,60,Medium,False,2015-04-21 00:00:00,Active,2026-10-01 02:00:00
SUP002158,ENT005493,Morvale Mining Pte. Ltd.,Events Services,Germany,30,Low,False,2014-11-10 00:00:00,Active,2026-10-01 02:00:00
SUP002159,ENT000159,Galstone Retail S.A.,Content Vendors,United Kingdom,30,Medium,False,2017-07-07 00:00:00,Active,2026-10-01 02:00:00
SUP002160,ENT002843,Galport Robotics B.V.,Professional Services,Germany,45,Medium,False,2024-03-14 00:00:00,Active,2026-10-01 02:00:00
SUP002161,ENT009118,Kelova Labs Pte. Ltd.,Professional Services,United Kingdom,30,Low,False,2018-08-08 00:00:00,Active,2026-10-01 02:00:00
SUP002162,ENT002071,Normora Systems K.K.,Travel,UAE,30,Medium,False,2022-07-21 00:00:00,Active,2026-10-01 02:00:00
SUP002163,ENT006406,Ulwick Retail S.A.,Travel,United Kingdom,30,Low,False,2025-06-23 00:00:00,Active,2026-10-01 02:00:00
SUP002164,ENT002866,Alara Holdings .BV.,Professional Services,Netherlands,30,Low,False,2014-04-23 00:00:00,Active,2026-10-01 02:00:00
SUP002165,ENT008832,Galmere Holdings Global 2 Inc.,Travel,France,30,Low,False,2016-09-16 00:00:00,Active,2026-10-01 02:00:00
SUP002166,ENT007834,Selara Agritech B.V.,Facilities,United States,30,Low,True,2016-09-02 00:00:00,Active,2026-10-01 02:00:00
SUP002167,ENT004984,Valith Agritech Co.,Professional Services,United States,30,Low,False,2020-12-21 00:00:00,Active,2026-10-01 02:00:00
SUP002168,ENT001258,Elgate Consulting S.A.,IT Services,Japan,60,Low,False,2024-12-27 00:00:00,Active,2026-10-01 02:00:00
SUP002169,ENT002863,Calbrook Labs GmbH,Professional Services,India,45,Low,True,2017-01-02 00:00:00,Active,2026-10-01 02:00:00
SUP002170,ENT000915,Lumford Motors K.K.,Facilities,Brazil,30,Low,False,2023-10-30 00:00:00,Active,2026-10-01 02:00:00
SUP002171,ENT007225,Halgate Insurance Ltd.,Travel,Australia,30,Low,False,2019-05-17 00:00:00,Active,2026-10-01 02:00:00
SUP002172,ENT000400,Torara Analytics LLC,Professional Services,Philippines,30,Medium,False,2026-03-27 00:00:00,Active,2026-10-01 02:00:00
SUP002173,ENT001707,Roswick Retail Corp.,Content Vendors,Germany,15,Low,False,2018-01-18 00:00:00,Active,2026-10-01 02:00:00
SUP002174,ENT005192,Doren Agritech Ltd.,Software,Isle of Calder (fictional),30,Low,False,2019-03-07 00:00:00,Active,2026-10-01 02:00:00
SUP002175,ENT005845,Lumora Partners Co.,Data Providers,Germany,45,Low,False,2019-11-27 00:00:00,Active,2026-10-01 02:00:00
SUP002176,ENT007650,Venix Mining B.V.,Software,Philippines,30,Low,False,2014-10-17 00:00:00,Active,2026-10-01 02:00:00
SUP002177,ENT004878,Fenith Logistics Corp.,Events Services,United Kingdom,30,Low,False,2017-10-05 00:00:00,Active,2026-10-01 02:00:00
SUP002178,ENT005607,Zandell Retail Ltd.,IT Services,Brazil,15,Low,False,2026-05-15 00:00:00,Active,2026-10-01 02:00:00
SUP002179,ENT000248,Zanhaven Partners Co.,Content Vendors,Germany,30,Low,False,2017-09-05 00:00:00,Active,2026-10-01 02:00:00
SUP002180,ENT005359,Briix Partners B.V.,Professional Services,South Africa,30,Low,False,2020-07-15 00:00:00,Active,2026-10-01 02:00:00
SUP002181,ENT008354,Galvale Consulting GmbH,Professional Services,United States,15,Low,False,2015-07-22 00:00:00,Active,2026-10-01 02:00:00
SUP002182,ENT003720,Wesstone Logistics Pte. Ltd.,Facilities,Vietnam,15,Low,False,2024-02-26 00:00:00,Active,2026-10-01 02:00:00
SUP002183,ENT006802,Corhaven Agritech Co.,,Indonesia,45,Medium,False,2024-06-21 00:00:00,Active,2026-10-01 02:00:00
SUP002184,ENT000878,Ulbrook Robotics Pte. Ltd.,Content Vendors,Philippines,30,Low,False,2022-06-10 00:00:00,Active,2026-10-01 02:00:00
SUP002185,ENT002203,Briport Labs LLC,Events Services,Australia,15,Medium,False,2026-05-18 00:00:00,Active,2026-10-01 02:00:00
SUP002186,ENT004317,Rosdell Robotics PLC,IT Services,United Kingdom,30,Low,True,2024-01-12 00:00:00,Active,2026-10-01 02:00:00
SUP002187,ENT000122,Kelora Health Ltd.,Data Providers,United States,30,Low,True,17/11/2023,Active,2026-10-01 02:00:00
SUP002188,ENT008216,Fenane Textiles Pte. Ltd.,Professional Services,UAE,45,Low,False,2019-09-21 00:00:00,Active,2026-10-01 02:00:00
SUP002189,ENT004968,Pelgate Motors Inc.,Professional Services,Japan,60,Low,False,2026-07-15 00:00:00,Inactive,2026-10-01 02:00:00
SUP002190,ENT006304,Coren Trading Ltd.,Events Services,China,30,Low,False,2015-05-29 00:00:00,Active,2026-10-01 02:00:00
SUP002191,ENT000231,Wesmere Foods PLC,Professional Services,Japan,60,Medium,False,27/04/2018,Inactive,2026-10-01 02:00:00
SUP002192,ENT008508,Galvale Foods Co.,IT Services,United States,30,Low,False,2022-10-22 00:00:00,Active,2026-10-01 02:00:00
SUP002193,ENT008466,Calbrook Foods Ltd.,Events Services,United States,30,Low,False,2015-05-12 00:00:00,Blocked,2026-10-01 02:00:00
SUP002194,ENT007437,Rosaris Biotech Corp.,Content Vendors,Germany,30,Medium,False,2016-06-03 00:00:00,Active,2026-10-01 02:00:00
SUP002195,ENT003514,Venhaven Retail K.K.,Travel,Australia,15,Medium,True,2025-07-17 00:00:00,Active,2026-10-01 02:00:00
SUP002196,ENT008565,Vallyn Media PLC,IT Services,South Africa,30,Low,False,2023-08-22 00:00:00,Active,2026-10-01 02:00:00
SUP002197,ENT004432,Istdale Robotics B.V.,Professional Services,China,45,Low,True,2021-07-20 00:00:00,Active,2026-10-01 02:00:00
SUP002198,ENT004780,Oren Systems Ltd.,Professional Services,Germany,30,High,False,2019-02-18 00:00:00,Active,2026-10-01 02:00:00
SUP002199,ENT009998,Sellyn Media Co.,Software,United Kingdom,30,Low,False,2022-07-13 00:00:00,Active,2026-10-01 02:00:00
SUP002200,ENT002971,Lumvale Pharma Corp.,Professional Services,Australia,45,Low,True,2015-01-16 00:00:00,Active,2026-10-01 02:00:00
SUP002201,ENT006111,Doraris Capital LLC,Travel,Philippines,30,Low,True,2024-12-09 00:00:00,Active,2026-10-01 02:00:00
SUP002202,ENT003880,Dorvanta Energy Ltd.,Facilities,India,30,Low,False,2020-01-18 00:00:00,Active,2026-10-01 02:00:00
SUP002203,ENT003935,Marvanta Robotics B.V.,Data Providers,Isle of Calder (fictional),30,Low,False,2014-10-09 00:00:00,Active,2026-10-01 02:00:00
SUP002204,ENT001987,Istlyn Trading GmbH,Data Providers,Philippines,45,Medium,False,2021-05-10 00:00:00,Inactive,2026-10-01 02:00:00
SUP002205,ENT004667,Valgate Motors LLC,Professional Services,South Africa,30,Medium,False,2023-12-27 00:00:00,Active,2026-10-01 02:00:00
SUP002206,ENT006718,Galridge Health B.V.,Data Providers,Netherlands,45,Medium,True,2020-01-13 00:00:00,Active,2026-10-01 02:00:00
SUP002207,ENT001935,Verford Media Pte. Ltd.,Data Providers,Isle of Calder (fictional),30,Medium,False,2016-01-03 00:00:00,Active,2026-10-01 02:00:00
SUP002208,ENT006025,Zanane Robotics S.A.,Travel,Singapore,30,Low,False,2018-10-11 00:00:00,Active,2026-10-01 02:00:00
SUP002209,ENT004831,Halwick Technologies B.V.,Content Vendors,Australia,15,Low,True,2022-01-17 00:00:00,Active,2026-10-01 02:00:00
SUP002210,ENT000386,Marara Packaging Co.,Software,Singapore,15,Low,False,2014-03-17 00:00:00,Active,2026-10-01 02:00:00
SUP002211,ENT003751,Rosaris Motors K.K.,Software,China,30,Low,False,2014-06-03 00:00:00,Active,2026-10-01 02:00:00
SUP002212,ENT001892,Briova Agritech Co.,Professional Services,United States,60,High,False,2023-04-18 00:00:00,Active,2026-10-01 02:00:00
SUP002213,ENT004510,Talbrook Pharma K.K.,IT Services,Australia,30,Low,True,"Feb 27, 2015",Active,2026-10-01 02:00:00
SUP002214,ENT009044,Wesora Holdings B.V.,Content Vendors,Philippines,60,Low,False,2018-01-03 00:00:00,Active,2026-10-01 02:00:00
SUP002215,ENT008836,Rosford Health K.K.,Professional Services,Philippines,30,Medium,False,2016-06-03 00:00:00,Active,2026-10-01 02:00:00
SUP002216,ENT008142,Zancrest Agritech LLC,Travel,China,45,Medium,False,2017-09-14 00:00:00,Active,2026-10-01 02:00:00
SUP002217,ENT007303,Venbrook Mining GmbH,Professional Services,Australia,15,Medium,False,2015-05-25 00:00:00,Blocked,2026-10-01 02:00:00
SUP002218,ENT009748,Calara Trading Pte. Ltd.,Software,United States,45,Low,False,2015-11-06 00:00:00,Active,2026-10-01 02:00:00
SUP002219,ENT004627,Selaris Labs Inc.,Content Vendors,United States,30,Medium,False,2026-06-12 00:00:00,Active,2026-10-01 02:00:00
SUP002220,ENT008531,Ulport Textiles Co.,Data Providers,United States,60,Low,False,2021-08-12 00:00:00,Active,2026-10-01 02:00:00
SUP002221,ENT009293,Marix Logistics Corp.,,Singapore,30,Medium,False,2018-07-06 00:00:00,Active,2026-10-01 02:00:00
SUP002222,ENT006767,Quindale Media B.V.,Software,Japan,30,Low,False,2023-03-03 00:00:00,Active,2026-10-01 02:00:00
SUP002223,ENT006919,Alion Motors GmbH,Facilities,Japan,15,Medium,True,2024-09-12 00:00:00,Inactive,2026-10-01 02:00:00
SUP002224,ENT003338,,Facilities,India,30,Medium,True,2021-11-02 00:00:00,Active,2026-10-01 02:00:00
SUP002225,ENT009280,Pelstone Labs Co.,Content Vendors,Singapore,30,Medium,False,2014-03-21 00:00:00,Active,2026-10-01 02:00:00
SUP002226,ENT009248,Quinstone Industries Inc.,Events Services,United States,30,Low,True,"Sep 16, 2022",Active,2026-10-01 02:00:00
SUP002227,ENT005437,Seldale Systems Co.,Content Vendors,India,30,Low,False,2018-02-05 00:00:00,Active,2026-10-01 02:00:00
SUP002228,ENT002287,Ulford Consulting Inc.,IT Services,Philippines,30,Low,False,2016-10-19 00:00:00,Active,2026-10-01 02:00:00
SUP002229,ENT004074,Talora Capital B.V.,Professional Services,Germany,45,Low,False,2025-10-02 00:00:00,Active,2026-10-01 02:00:00
SUP002230,ENT008851,Arith Biotech GmbH,Professional Services,United States,30,Low,True,2021-03-15 00:00:00,Active,2026-10-01 02:00:00
SUP002231,ENT008932,Coreon Media Ltd.,IT Services,Germany,30,Low,False,2025-06-04 00:00:00,Active,2026-10-01 02:00:00
SUP002232,ENT002520,Verbrook Retail Pte. Ltd.,Events Services,India,60,Medium,True,2020-03-06 00:00:00,Active,2026-10-01 02:00:00
SUP002233,ENT007152,Verstone Pharma Ltd.,Content Vendors,Isle of Calder (fictional),30,Low,False,2023-04-03 00:00:00,Active,2026-10-01 02:00:00
SUP002234,ENT006386,Selvanta Foods Ltd.,Events Services,United States,30,Low,False,2020-04-27 00:00:00,Active,2026-10-01 02:00:00
SUP002235,ENT009740,Morion Holdings Co.,Travel,China,30,Low,False,2016-04-25 00:00:00,Active,2026-10-01 02:00:00
SUP002236,ENT002394,Alane Biotech PLC,Travel,United States,30,Low,False,2022-11-15 00:00:00,Active,2026-10-01 02:00:00
SUP002237,ENT006029,Selwick Media Corp.,IT Services,Philippines,45,Low,False,2024-02-05 00:00:00,Active,2026-10-01 02:00:00
SUP002238,ENT005420,Fenaris Retail Inc.,Travel,France,60,Medium,False,2020-07-31 00:00:00,Active,2026-10-01 02:00:00
SUP002239,ENT000194,Torith Systems GmbH,Professional Services,United States,15,Medium,False,2021-11-10 00:00:00,Active,2026-10-01 02:00:00
SUP002240,ENT006211,Talridge Technologies Corp.,Software,Germany,30,Medium,False,06/02/2018,Active,2026-10-01 02:00:00
SUP002241,ENT009980,Torridge Mining GmbH,Software,Port Varos Free Zone (fictional),30,Low,False,2025-07-10 00:00:00,Active,2026-10-01 02:00:00
SUP002242,ENT003586,Alion Foods S.A.,Events Services,France,30,Low,False,2018-01-08 00:00:00,Active,2026-10-01 02:00:00
SUP002243,ENT009768,Ormora Labs Co.,,United Kingdom,45,Low,False,2019-04-26 00:00:00,Active,2026-10-01 02:00:00
SUP002244,ENT003308,Ardell Biotech PLC,IT Services,China,15,Low,False,2024-12-06 00:00:00,Active,2026-10-01 02:00:00
SUP002245,ENT006399,Bribrook Analytics Corp.,Content Vendors,Philippines,30,Low,True,2017-08-21 00:00:00,Active,2026-10-01 02:00:00
SUP002246,ENT003350,Ardell Health LLC,Software,India,30,High,False,2026-06-09 00:00:00,Inactive,2026-10-01 02:00:00
SUP002247,ENT005452,Valbrook Systems LLC,Professional Services,South Africa,30,Medium,False,2014-06-26 00:00:00,Active,2026-10-01 02:00:00
SUP002248,ENT007980,Wesgate Holdings PLC,IT Services,Vietnam,15,Low,False,2021-11-12 00:00:00,Active,2026-10-04 02:00:00
SUP002249,ENT002332,Hallyn Pharma S.A.,IT Services,India,30,Low,False,12/02/2014,Active,2026-10-01 02:00:00
SUP002250,ENT008726,Arora Textiles Ltd.,Data Providers,Philippines,60,Low,False,2022-01-04 00:00:00,Active,2026-10-01 02:00:00
SUP002251,ENT003394,Valstone Insurance PLC,Professional Services,UAE,30,Medium,False,2025-02-14 00:00:00,Active,2026-10-01 02:00:00
SUP002252,ENT005766,Valcrest Agritech Corp.,IT Services,China,60,Medium,True,2017-04-03 00:00:00,Inactive,2026-10-01 02:00:00
SUP002253,ENT001447,Zanara Labs Corp.,Professional Services,Japan,30,Low,True,2025-06-28 00:00:00,Active,2026-10-01 02:00:00
SUP002254,ENT000056,Fenix Consulting Inc.,Events Services,Germany,30,Low,False,2016-12-29 00:00:00,Active,2026-10-01 02:00:00
SUP002255,ENT008581,Pelcrest Textiles Pte. Ltd.,IT Services,China,45,Low,False,2016-07-15 00:00:00,Active,2026-10-01 02:00:00
SUP002256,ENT001867,Talara Motors Co.,Content Vendors,India,30,Medium,False,2026-08-11 00:00:00,Inactive,2026-10-01 02:00:00
SUP002257,ENT001462,Galbrook Textiles PLC,Travel,United States,45,Low,False,2025-03-07 00:00:00,Active,2026-10-01 02:00:00
SUP002258,ENT000172,Marith Technologies Corp.,Facilities,South Africa,30,Low,False,2020-02-17 00:00:00,Active,2026-10-01 02:00:00
SUP002259,ENT004989,Veraris Retail B.V.,Content Vendors,China,60,Medium,False,2018-06-28 00:00:00,Inactive,2026-10-01 02:00:00
SUP002260,ENT001042,Wesford Health K.K.,Content Vendors,United States,15,Low,False,2015-06-10 00:00:00,Active,2026-10-01 02:00:00
SUP002261,ENT009734,Verdale Textiles Ltd.,Facilities,Germany,30,High,False,2020-06-05 00:00:00,Active,2026-10-01 02:00:00
SUP002262,ENT001621,Zanara Logistics GmbH,Data Providers,Port Varos Free Zone (fictional),60,Low,False,2025-12-15 00:00:00,Active,2026-10-01 02:00:00
SUP002263,ENT003582,Lumora Motors GmbH,Professional Services,India,45,Low,False,2022-03-21 00:00:00,Active,2026-10-01 02:00:00
SUP002264,ENT004181,Taldale Minign S.A.,Events Services,India,30,Medium,True,2017-02-08 00:00:00,Active,2026-10-01 02:00:00
SUP002265,ENT000787,Vermere Technologies LLC,Professional Services,Philippines,30,Low,False,2018-02-09 00:00:00,Active,2026-10-01 02:00:00
SUP002266,ENT004351,Alix Labs B.V.,Data Providers,India,30,Low,False,2023-11-03 00:00:00,Active,2026-10-01 02:00:00
SUP002267,ENT007283,Galgate Holdings Inc.,Facilities,United Kingdom,45,Medium,False,2022-08-16 00:00:00,Active,2026-10-01 02:00:00
SUP002268,ENT001459,Halith Health K.K.,IT Services,Germany,30,Medium,False,2025-07-30 00:00:00,Active,2026-10-01 02:00:00
SUP002269,ENT000125,Vereon Insurance PLC,Events Services,Canada,45,Low,True,2018-06-11 00:00:00,Active,2026-10-01 02:00:00
SUP002270,ENT009840,Ulhaven Insurance Corp.,IT Services,Isle of Calder (fictional),30,Medium,False,2021-05-28 00:00:00,Inactive,2026-10-01 02:00:00
SUP002271,ENT006317,Orport Biotech Pte. Ltd.,Professional Services,Germany,45,Low,False,2015-08-07 00:00:00,Active,2026-10-01 02:00:00
SUP002272,ENT007207,Rosova Industries Inc.,Events Services,Vietnam,30,Low,False,2026-07-16 00:00:00,Active,2026-10-01 02:00:00
SUP002273,ENT006158,Quinridge Systems B.V.,Content Vendors,Singapore,30,Low,False,2017-10-17 00:00:00,Active,2026-10-01 02:00:00
SUP002274,ENT002322,Rosion Foods Corp.,Facilities,United States,45,High,False,2019-11-06 00:00:00,Active,2026-10-01 02:00:00
SUP002275,ENT005510,Alport Trading LLC,IT Services,Singapore,15,Low,False,2019-04-26 00:00:00,Active,2026-10-01 02:00:00
SUP002276,ENT004188,Mordell Finance LLC,Content Vendors,United States,30,Medium,False,2019-11-06 00:00:00,Active,2026-10-01 02:00:00
SUP002277,ENT009973,Wesridge Biotech Ltd.,IT Services,Philippines,30,Low,False,2020-09-18 00:00:00,Active,2026-10-01 02:00:00
SUP002278,ENT002405,Orridge Mining Corp.,Travel,China,30,Low,False,2017-11-10 00:00:00,Active,2026-10-01 02:00:00
SUP002279,ENT009736,Arane Biotech B.V.,Events Services,United Kingdom,30,Low,False,2025-01-21 00:00:00,Active,2026-10-01 02:00:00
SUP002280,ENT005179,Calith Holdings Inc.,IT Services,Japan,30,Medium,False,2020-04-10 00:00:00,Active,2026-10-01 02:00:00
SUP002281,ENT002202,Quinion Health LLC,Facilities,Canada,45,Low,False,2018-08-22 00:00:00,Active,2026-10-01 02:00:00
SUP002282,ENT004478,Bellyn Analytics Co.,Data Providers,United Kingdom,45,Low,True,18/09/2023,Active,2026-10-01 02:00:00
SUP002283,ENT004910,,Travel,United Kingdom,30,Low,False,2022-07-25 00:00:00,Active,2026-10-01 02:00:00
SUP002284,ENT009732,Quinaris Industries K.K.,Facilities,United Kingdom,30,Medium,False,2024-06-13 00:00:00,Active,2026-10-01 02:00:00
SUP002285,ENT006643,SELBROOK HOLDINGS S.A.,IT Services,Philippines,45,Low,False,2015-06-04 00:00:00,Active,2026-10-01 02:00:00
SUP002286,ENT009694,Quinvale Robotics Global 2 Inc.,Events Services,United States,30,Low,True,2017-03-27 00:00:00,Active,2026-10-01 02:00:00
SUP002287,ENT000645,Norwick Logitsics GmbH,IT Services,United States,60,Low,True,2023-07-07 00:00:00,Active,2026-10-01 02:00:00
SUP002288,ENT000222,Mordale Health K.K.,Content Vendors,Canada,45,Low,False,2024-02-09 00:00:00,Active,2026-10-01 02:00:00
SUP002289,ENT001557,Fendale Logistics PLC,Data Providers,Philippines,30,Medium,False,2026-05-01 00:00:00,Active,2026-10-01 02:00:00
SUP002290,ENT003530,Morora Pharma Co.,Events Services,Philippines,30,Low,True,2025-07-04 00:00:00,Active,2026-10-01 02:00:00
SUP002291,ENT005413,Ulbrook Packaging Corp.,Software,India,30,Low,True,2016-06-22 00:00:00,Active,2026-10-01 02:00:00
SUP002292,ENT004440,Torgate Packaging K.K.,Travel,Japan,30,Low,False,2015-08-20 00:00:00,Active,2026-10-01 02:00:00
SUP002293,ENT007831,Calen Analytics K.K.,Events Services,United States,15,Low,True,18/06/2018,Active,2026-10-01 02:00:00
SUP002294,ENT004025,Gallyn Capital GmbH,Facilities,China,30,Low,True,2015-04-27 00:00:00,Active,2026-10-01 02:00:00
SUP002295,ENT000167,Norane Trading B.V.,Content Vendors,UAE,45,Low,True,2023-02-17 00:00:00,Active,2026-10-01 02:00:00
SUP002296,ENT008842,Norridge Biotech PLC,Travel,United Kingdom,30,Low,True,2018-03-20 00:00:00,Active,2026-10-01 02:00:00
SUP002297,ENT003822,Dorion Pharma S.A.,,United States,30,Medium,False,2023-05-02 00:00:00,Active,2026-10-01 02:00:00
SUP002298,ENT002449,Zanhaven Systems GmbH,IT Services,Japan,60,Low,True,2022-01-30 00:00:00,Active,2026-10-01 02:00:00
SUP002299,ENT003148,Verford Consulting Pte. Ltd.,Events Services,France,30,Low,False,2021-01-22 00:00:00,Blocked,2026-10-01 02:00:00
SUP002300,ENT001090,Norix Analytics Ltd.,Events Services,China,15,Medium,False,2023-05-22 00:00:00,Active,2026-10-01 02:00:00
SUP002301,ENT008026,Dorridge Textiles Pte. Ltd.,Professional Services,India,60,Low,False,2015-11-26 00:00:00,Active,2026-10-01 02:00:00
SUP002302,ENT004127,Norvanta Insurance LLC,Events Services,United States,30,Medium,False,2026-04-10 00:00:00,Active,2026-10-01 02:00:00
SUP002303,ENT007741,Istith Logistics B.V.,Professional Services,Malaysia,30,Low,False,2025-10-24 00:00:00,Active,2026-10-01 02:00:00
SUP002304,ENT000886,Selmora Media Co.,Professional Services,United States,15,High,False,2019-06-21 00:00:00,Active,2026-10-01 02:00:00
SUP002305,ENT004007,Valford Robotics Ltd.,Professional Services,United Kingdom,30,Low,False,2018-06-28 00:00:00,Active,2026-10-01 02:00:00
SUP002306,ENT005914,Galhvaen Agritech B.V.,IT Services,India,30,Low,False,2024-03-01 00:00:00,Active,2026-10-01 02:00:00
SUP002307,ENT004202,Belara Insurance B.V.,Software,Indonesia,30,Low,False,2021-10-06 00:00:00,Active,2026-10-01 02:00:00
SUP002308,ENT004862,Kelmora Pharma Corp.,,United States,30,Medium,True,2020-11-18 00:00:00,Active,2026-10-01 02:00:00
SUP002309,ENT006627,Istgate Agritech PLC,Travel,Canada,30,Medium,True,2014-07-02 00:00:00,Inactive,2026-10-01 02:00:00
SUP002310,ENT007155,Galeon Trading B.V.,Professional Services,United States,30,Low,False,2024-02-22 00:00:00,Active,2026-10-01 02:00:00
SUP002311,ENT004854,Alcrest Motors Co.,IT Services,Indonesia,15,Low,False,2017-01-30 00:00:00,Active,2026-10-01 02:00:00
SUP002312,ENT007971,Valvale Packaging Global 2 K.K.,Professional Services,United Kingdom,30,Low,False,2016-10-28 00:00:00,Active,2026-10-01 02:00:00
SUP002313,ENT001169,,Facilities,United States,45,Medium,False,2018-12-14 00:00:00,Active,2026-10-01 02:00:00
SUP002314,ENT005115,Ulford Agritech LLC,Content Vendors,Canada,30,Low,False,2014-12-26 00:00:00,Active,2026-10-01 02:00:00
SUP002315,ENT004057,Iststone Logistics GmbH,Professional Services,United Kingdom,30,Low,False,2021-12-27 00:00:00,Active,2026-10-01 02:00:00
SUP002316,ENT007465,Calane Partners Corp.,Content Vendors,Canada,30,Low,False,2017-03-28 00:00:00,Active,2026-10-01 02:00:00
SUP002317,ENT008224,Pelvale Textiles PLC,IT Services,United States,30,Low,False,2015-09-04 00:00:00,Active,2026-10-01 02:00:00
SUP002318,ENT002104,Verstone Mining Corp.,Content Vendors,Germany,30,Low,False,2022-09-12 00:00:00,Active,2026-10-01 02:00:00
SUP002319,ENT003690,Arport Technologies Pte. Ltd.,Software,Japan,30,Low,False,2020-01-22 00:00:00,Active,2026-10-01 02:00:00
SUP002320,ENT009662,Coreon Robotics LLC,Content Vendors,Brazil,15,Low,False,2025-02-10 00:00:00,Active,2026-10-01 02:00:00
SUP002321,ENT004106,Cordell Labs B.V.,Events Services,Singapore,45,Low,False,2026-05-20 00:00:00,Active,2026-10-01 02:00:00
SUP002322,ENT005586,Moreon Biotech PLC,Content Vendors,Brazil,15,Medium,False,2021-02-23 00:00:00,Active,2026-10-01 02:00:00
SUP002323,ENT007106,Peldell Robotics B.V.,Content Vendors,Philippines,30,Low,False,"Dec 26, 2022",Active,2026-10-01 02:00:00
SUP002324,ENT002131,Galvale Mining GmbH,Facilities,Singapore,30,Medium,True,2023-05-08 00:00:00,Active,2026-10-01 02:00:00
SUP002325,ENT006396,Orith Analytics LLC,IT Services,Australia,60,Medium,True,2022-08-12 00:00:00,Inactive,2026-10-01 02:00:00
SUP002326,ENT001561,Alvanta Partners Co.,Data Providers,Philippines,60,Low,False,2017-12-04 00:00:00,Inactive,2026-10-01 02:00:00
SUP002327,ENT003360,Norford Biotech Corp.,Professional Services,United States,30,Low,False,2020-07-06 00:00:00,Inactive,2026-10-01 02:00:00
SUP002328,ENT003678,Venora Systems Co.,Data Providers,South Africa,60,Medium,False,2021-06-07 00:00:00,Inactive,2026-10-01 02:00:00
SUP002329,ENT000820,Vervanta Analytics GmbH,Professional Services,Vietnam,60,High,True,2017-11-02 00:00:00,Active,2026-10-01 02:00:00
SUP002330,ENT009968,Selen Robotics Pte. Ltd.,IT Services,Germany,60,Low,False,07/10/2021,Active,2026-10-01 02:00:00
SUP002331,ENT006770,Elara Foods Corp.,Travel,Japan,45,Medium,False,2023-06-12 00:00:00,Active,2026-10-01 02:00:00
SUP002332,ENT000997,Quinbrook Finance LLC,Data Providers,China,30,Low,False,2019-02-12 00:00:00,Active,2026-10-01 02:00:00
SUP002333,ENT000420,Vervanta Pharma Co.,Facilities,Brazil,15,Medium,True,2015-01-13 00:00:00,Active,2026-10-01 02:00:00
SUP002334,ENT003525,Oraris Labs K.K.,Events Services,UAE,60,Low,False,2025-07-30 00:00:00,Active,2026-10-01 02:00:00
SUP002335,ENT003214,Calvale Finance GmbH,IT Services,United States,15,Low,False,2016-07-13 00:00:00,Active,2026-10-01 02:00:00
SUP002336,ENT004802,Valridge Insurance Global 2 GmbH,Facilities,UAE,30,Low,False,2019-10-11 00:00:00,Active,2026-10-01 02:00:00
SUP002337,ENT001685,Morix Health LLC,Travel,Philippines,30,Low,False,2021-02-08 00:00:00,Active,2026-10-01 02:00:00
SUP002338,ENT000071,Cordell Pharma S.A.,Software,Singapore,45,Low,False,2015-12-28 00:00:00,Active,2026-10-01 02:00:00
SUP002339,ENT005515,Lumara gAritech PLC,Content Vendors,United Kingdom,30,Low,True,2022-05-19 00:00:00,Active,2026-10-01 02:00:00
SUP002340,ENT006748,Zanora Labs PLC,IT Services,UAE,30,Low,False,2021-06-04 00:00:00,Blocked,2026-10-01 02:00:00
SUP002341,ENT000191,Fenwick Packaging LLC,Events Services,South Africa,45,Low,False,2024-03-18 00:00:00,Active,2026-10-01 02:00:00
SUP002342,ENT008807,Fenane Robotics GmbH,Events Services,Germany,15,Low,False,2016-09-22 00:00:00,Active,2026-10-01 02:00:00
SUP002343,ENT000161,Istion Biotech PLC,Content Vendors,United States,30,Low,False,2015-11-02 00:00:00,Active,2026-10-01 02:00:00
SUP002344,ENT007801,,Content Vendors,China,15,Low,False,2019-04-08 00:00:00,Active,2026-10-01 02:00:00
SUP002345,ENT002148,Torvale Media K.K.,IT Services,United States,30,Medium,False,"Apr 06, 2020",Inactive,2026-10-01 02:00:00
SUP002346,ENT004869,Selion Media Co.,Facilities,Brazil,30,Low,True,2021-11-06 00:00:00,Active,2026-10-01 02:00:00
SUP002347,ENT004817,Ormere Agritech S.A.,Facilities,China,45,Medium,False,2025-10-03 00:00:00,Active,2026-10-01 02:00:00
SUP002348,ENT004761,Venane Motors Pte. Ltd.,Content Vendors,China,15,Low,False,2015-05-11 00:00:00,Active,2026-10-01 02:00:00
SUP002349,ENT007551,Ulcrest Biotech Global 2 GmbH,Events Services,China,30,Low,False,2021-01-01 00:00:00,Active,2026-10-01 02:00:00
SUP002350,ENT009624,Zanbrook Partners Global 2 LLC,,Philippines,30,High,True,2017-03-27 00:00:00,Active,2026-10-01 02:00:00
SUP002351,ENT001289,Aren Energy GmbH,Data Providers,United States,60,Low,False,2025-04-12 00:00:00,Active,2026-10-01 02:00:00
SUP002352,ENT000313,Bribrook Capital K.K.,Content Vendors,Japan,45,Low,False,2018-10-19 00:00:00,Active,2026-10-01 02:00:00
SUP002353,ENT005149,Arridge Mining Co.,Software,Germany,30,Low,False,2023-07-25 00:00:00,Active,2026-10-01 02:00:00
SUP002354,ENT008406,Corix Pharma Global 2 PLC,IT Services,Netherlands,30,Low,False,2023-06-09 00:00:00,Active,2026-10-01 02:00:00
SUP002355,ENT009229,  fenara analytics b.v. ,Facilities,Philippines,30,High,False,2014-03-04 00:00:00,Active,2026-10-01 02:00:00
SUP002356,ENT001420,Wesaris Foods LLC,Software,Japan,60,Medium,False,2019-08-23 00:00:00,Active,2026-10-01 02:00:00
SUP002357,ENT002515,Alara Robotics Corp.,Events Services,Germany,30,Low,False,2022-07-11 00:00:00,Active,2026-10-01 02:00:00
SUP002358,ENT007038,Istport Motors K.K.,IT Services,India,30,Medium,False,2021-02-10 00:00:00,Active,2026-10-01 02:00:00
SUP002359,ENT006737,Halstone Agritech Corp.,IT Services,China,45,Medium,False,2022-12-16 00:00:00,Active,2026-10-01 02:00:00
SUP002360,ENT000319,Galeon Industries Corp.,Software,Indonesia,60,Low,False,2015-09-11 00:00:00,Active,2026-10-01 02:00:00
SUP002361,ENT000917,Halix Holdings GmbH,Professional Services,Australia,30,Medium,False,2016-12-26 00:00:00,Active,2026-10-01 02:00:00
SUP002362,ENT003707,Corridge Biotech Co.,Events Services,United Kingdom,60,Medium,False,2024-07-24 00:00:00,Active,2026-10-01 02:00:00
SUP002363,ENT007954,ORWICK LABS GMBH,Professional Services,United States,60,Low,False,2021-03-01 00:00:00,Active,2026-10-01 02:00:00
SUP002364,ENT003442,Pelara Systems Ltd.,IT Services,United Kingdom,30,Low,False,2018-08-31 00:00:00,Active,2026-10-01 02:00:00
SUP002365,ENT009994,Istlyn Pharma Global 2 S.A.,Events Services,Netherlands,30,Low,False,2019-04-11 00:00:00,Active,2026-10-01 02:00:00
SUP002366,ENT005418,Talbrook Industries Ltd.,Professional Services,Australia,45,Low,False,2021-08-12 00:00:00,Active,2026-10-01 02:00:00
SUP002367,ENT001058,Pelith Holdnigs Inc.,Facilities,Singapore,45,Low,False,2016-05-20 00:00:00,Inactive,2026-10-01 02:00:00
SUP002368,ENT002490,Galhaven Agritech S.A.,,Canada,30,Low,True,2018-11-28 00:00:00,Active,2026-10-01 02:00:00
SUP002369,ENT009375,Dorix Trading PLC,IT Services,Germany,45,Medium,False,2019-02-07 00:00:00,Active,2026-10-01 02:00:00
SUP002370,ENT009072,Noreon Agritech LLC,Events Services,United States,30,Low,True,2016-03-14 00:00:00,Active,2026-10-01 02:00:00
SUP002371,ENT002337,Venmere Partners K.K.,Software,Japan,30,Low,False,2019-11-05 00:00:00,Active,2026-10-01 02:00:00
SUP002372,ENT005997,Istvanta Finance K.K.,Content Vendors,Philippines,15,Medium,False,2025-10-21 00:00:00,Active,2026-10-01 02:00:00
SUP002373,ENT004168,Kelford Consulting PLC,Content Vendors,Singapore,30,Low,False,2026-02-24 00:00:00,Active,2026-10-01 02:00:00
SUP002374,ENT009663,Vermora Robotics PLC,Software,Philippines,45,Low,False,2024-03-12 00:00:00,Active,2026-10-01 02:00:00
SUP002375,ENT003051,Arwick Industries K.K.,Content Vendors,Japan,30,High,False,2025-01-01 00:00:00,Active,2026-10-01 02:00:00
SUP002376,ENT002320,Mareon Technologies LLC,Data Providers,Germany,30,Low,False,2025-02-21 00:00:00,Inactive,2026-10-01 02:00:00
SUP002377,ENT009557,Bellyn Technologies Ltd.,Events Services,Singapore,30,Low,False,2019-07-22 00:00:00,Active,2026-10-01 02:00:00
SUP002378,ENT003644,Talstone Agritech Ltd.,Content Vendors,South Africa,15,Medium,False,2019-02-16 00:00:00,Active,2026-10-01 02:00:00
SUP002379,ENT002625,Talmere Partners B.V.,Professional Services,UAE,30,Low,True,2021-08-02 00:00:00,Active,2026-10-01 02:00:00
SUP002380,ENT009683,Selvanta Packaging Ltd.,Facilities,India,30,High,False,2019-09-11 00:00:00,Active,2026-10-01 02:00:00
SUP002381,ENT004816,Orane Energy S.A.,Facilities,Brazil,15,Low,True,2024-08-27 00:00:00,Active,2026-10-01 02:00:00
SUP002382,ENT004900,Rosport Health Co.,Data Providers,Malaysia,45,Medium,False,2022-01-23 00:00:00,Active,2026-10-01 02:00:00
SUP002383,ENT001688,Fenion Finance Pte. Ltd.,Software,Canada,45,Low,True,2026-01-02 00:00:00,Active,2026-10-01 02:00:00
SUP002384,ENT001778,Corvanta Capital LLC,Professional Services,Japan,30,Medium,True,2021-12-23 00:00:00,Active,2026-10-01 02:00:00
SUP002385,ENT008192,Wesova Labs B.V.,Professional Services,Philippines,60,Low,False,2016-02-25 00:00:00,Inactive,2026-10-01 02:00:00
SUP002386,ENT005207,Venaris Industries Pte. Ltd.,Software,United States,30,Low,False,2014-09-08 00:00:00,Inactive,2026-10-01 02:00:00
SUP002387,ENT005365,Ulvanta Biotech Pte. Ltd.,Professional Services,United States,30,Medium,True,2019-02-15 00:00:00,Active,2026-10-01 02:00:00
SUP002388,ENT009797,Alora Finance Global 2 LLC,Travel,United Kingdom,60,Low,False,2025-11-28 00:00:00,Active,2026-10-01 02:00:00
SUP002389,ENT000498,Istgate Packaging B.V.,IT Services,Canada,15,Low,False,2024-10-25 00:00:00,Active,2026-10-01 02:00:00
SUP002390,ENT009461,  kelaris holdings k.k. ,Software,Indonesia,30,Low,False,2019-03-13 00:00:00,Active,2026-10-01 02:00:00
SUP002391,ENT004381,Elstone Industries Pte. Ltd.,Travel,Germany,30,Medium,False,2026-08-05 00:00:00,Active,2026-10-01 02:00:00
SUP002392,ENT000671,Coraris Agritech S.A.,Professional Services,China,30,Low,False,2019-01-07 00:00:00,Active,2026-10-01 02:00:00
SUP002393,ENT002758,Mararis Media S.A.,Professional Services,Malaysia,30,Low,True,2014-02-24 00:00:00,Active,2026-10-01 02:00:00
SUP002394,ENT000659,Lumbrook Robotics PLC,,United States,30,Medium,False,2014-09-18 00:00:00,Active,2026-10-01 02:00:00
SUP002395,ENT009940,Halvanta Robotics K.K.,Professional Services,Philippines,15,Medium,False,2023-02-24 00:00:00,Active,2026-10-01 02:00:00
SUP002396,ENT000107,Marith Robotics K.K.,Content Vendors,United States,30,Low,True,2022-06-17 00:00:00,Active,2026-10-01 02:00:00
SUP002397,ENT005293,Galion Holdings Ltd.,Facilities,Australia,30,Low,False,2017-08-17 00:00:00,Active,2026-10-01 02:00:00
SUP002398,ENT004389,Kelhaven Energy B.V.,Events Services,India,45,Medium,False,2018-10-05 00:00:00,Active,2026-10-01 02:00:00
SUP002399,ENT001180,Selridge Pharma S.A.,Events Services,United States,45,Medium,False,2019-12-05 00:00:00,Active,2026-10-01 02:00:00
SUP002400,ENT008497,Rosion Textiles B.V.,Content Vendors,United States,60,Low,False,2025-11-28 00:00:00,Active,2026-10-01 02:00:00
SUP001212,ENT002061,Belith  Holdings K.K.,IT Services,Philippines,45,Low,False,2014-09-12 00:00:00,Active,2026-10-01 02:00:00
SUP000533,ENT009487,Belmora  Biotech Pte. Ltd.,Events Services,United States,30,Low,False,2016-06-06 00:00:00,Active,2026-10-01 02:00:00
SUP001701,ENT006295,Galaris  Industries LLC,Events Services,Netherlands,30,Low,True,2023-03-15 00:00:00,Active,2026-10-01 02:00:00
SUP000637,ENT004533,Talstone  Analytics Pte. Ltd.,Content Vendors,India,60,Low,False,2026-06-15 00:00:00,Active,2026-10-01 02:00:00
SUP000616,ENT003064,Valbrook  Finance Pte. Ltd.,Software,India,30,Low,True,2023-06-29 00:00:00,Active,2026-10-01 02:00:00
SUP001391,ENT003680,Calane  Technologies Pte. Ltd.,IT Services,Germany,30,Low,False,2022-11-13 00:00:00,Active,2026-10-01 02:00:00
SUP000100,ENT008879,Dorbrook  Motors Ltd.,Facilities,United States,60,Low,False,2016-05-09 00:00:00,Active,2026-10-01 02:00:00
SUP002046,ENT000037,None,Professional Services,India,30,Medium,False,2023-08-14 00:00:00,Active,2026-10-01 02:00:00
SUP001814,ENT002150,Mormora  Media Co.,Professional Services,Germany,30,Low,False,2024-12-02 00:00:00,Active,2026-10-01 02:00:00
SUP001397,ENT008950,Norith  Retail LLC,Professional Services,United States,45,Low,False,13/10/2023,Active,2026-10-31 02:00:00
SUP000332,ENT001929,Halstone  Holdings Pte. Ltd.,Professional Services,Philippines,30,Low,False,2022-05-31 00:00:00,Active,2026-10-01 02:00:00
SUP001930,ENT000084,Mareon  Technologies Corp.,Events Services,United States,45,Low,False,2024-12-17 00:00:00,Active,2026-10-01 02:00:00
SUP000813,ENT008438,Alhaven  Holdings LLC,Professional Services,Indonesia,30,Low,False,2022-05-31 00:00:00,Active,2026-10-01 02:00:00
SUP001210,ENT007441,Elane  Labs S.A.,Travel,Germany,30,Medium,False,2020-11-09 00:00:00,Active,2026-10-01 02:00:00
SUP002126,ENT004818,None,Facilities,China,30,Low,False,2023-03-06 00:00:00,Blocked,2026-10-01 02:00:00
SUP000279,ENT008054,Verora  Foods GmbH,IT Services,China,30,Low,False,2021-01-29 00:00:00,Active,2026-10-01 02:00:00
SUP001933,ENT000407,Alane  Mining LLC,Events Services,United States,30,Low,False,2019-12-12 00:00:00,Active,2026-10-01 02:00:00
SUP000145,ENT006632,Vermere  Consulting S.A.,,United Kingdom,30,Low,False,2025-11-07 00:00:00,Active,2026-10-01 02:00:00
SUP001454,ENT007692,Quinova  Industries Inc.,Content Vendors,United Kingdom,30,Low,False,2025-03-10 00:00:00,Active,2026-10-01 02:00:00
SUP001759,ENT005260,Verridge  Logistics K.K.,Content Vendors,Singapore,30,Medium,False,2025-11-28 00:00:00,Active,2026-10-01 02:00:00
SUP000026,ENT006842,Istdale  Consulting LLC,Events Services,United States,30,Low,False,2019-07-15 00:00:00,Active,2026-10-01 02:00:00
SUP001841,ENT004703,Orova  Trading GmbH,Professional Services,France,30,Low,True,2024-12-02 00:00:00,Active,2026-10-01 02:00:00
SUP002359,ENT006737,Halstone  Agritech Corp.,IT Services,China,45,Medium,False,2022-12-16 00:00:00,Active,2026-10-01 02:00:00
SUP000015,ENT001976,Wesdell  Consulting GmbH,Travel,Port Varos Free Zone (fictional),15,Medium,True,2014-07-10 00:00:00,Inactive,2026-10-01 02:00:00
SUP000810,ENT005200,Galith  Energy Co.,Facilities,Japan,45,Low,False,2017-05-22 00:00:00,Active,2026-10-01 02:00:00
SUP000296,ENT009963,Rosbrook  Health PLC,IT Services,Philippines,45,Medium,False,2024-03-26 00:00:00,Inactive,2026-10-01 02:00:00
SUP000160,ENT003131,Calstone  Partners Corp.,Data Providers,United States,30,Low,True,09/06/2026,Blocked,2026-10-01 02:00:00
SUP001033,ENT007477,Dorane  Analytics GmbH,Professional Services,Philippines,30,High,False,07/10/2019,Active,2026-10-01 02:00:00
SUP001160,ENT006022,Norridge  Health LLC,Events Services,France,30,Low,False,2020-11-27 00:00:00,Active,2026-10-01 02:00:00
SUP000442,ENT000211,Kelara  Media Inc.,Travel,Japan,30,Medium,False,2014-10-23 00:00:00,Blocked,2026-10-01 02:00:00
SUP002114,ENT004745,Pelhaven  Technologies K.K.,Facilities,United Kingdom,60,Medium,False,2018-11-08 00:00:00,Active,2026-10-01 02:00:00
SUP001724,ENT009782,Valhaven  Agritech Ltd.,Professional Services,United States,60,Medium,False,07/06/2018,Active,2026-10-01 02:00:00
SUP000710,ENT007408,Marion  Health S.A.,IT Services,United Kingdom,30,Low,False,2021-05-31 00:00:00,Active,2026-10-01 02:00:00
SUP000507,ENT005256,Elford  Mining Pte. Ltd.,Facilities,UAE,30,Low,False,2026-03-30 00:00:00,Active,2026-10-01 02:00:00
SUP001056,ENT003802,Tallyn  Agritech B.V.,Software,Canada,45,Low,False,2025-10-21 00:00:00,Active,2026-10-01 02:00:00
SUP001808,ENT008349,Vergate  Pharma K.K.,Data Providers,United States,30,Low,False,2022-04-15 00:00:00,Active,2026-10-01 02:00:00
